{
  "MAXBridge_Listen -\u003e maxcul:maxcul_bridge:4b5e171fc9:bbd9c65639:listen_mode": {
    "class": "org.openhab.core.thing.link.ItemChannelLink",
    "value": {
      "channelUID": {
        "segments": [
          "maxcul",
          "maxcul_bridge",
          "4b5e171fc9",
          "bbd9c65639",
          "listen_mode"
        ],
        "uid": "maxcul:maxcul_bridge:4b5e171fc9:bbd9c65639:listen_mode"
      },
      "configuration": {
        "properties": {}
      },
      "itemName": "MAXBridge_Listen"
    }
  },
  "MAXBridge_Pair -\u003e maxcul:maxcul_bridge:4b5e171fc9:bbd9c65639:pair_mode": {
    "class": "org.openhab.core.thing.link.ItemChannelLink",
    "value": {
      "channelUID": {
        "segments": [
          "maxcul",
          "maxcul_bridge",
          "4b5e171fc9",
          "bbd9c65639",
          "pair_mode"
        ],
        "uid": "maxcul:maxcul_bridge:4b5e171fc9:bbd9c65639:pair_mode"
      },
      "configuration": {
        "properties": {}
      },
      "itemName": "MAXBridge_Pair"
    }
  },
  "Systeminfo_UsedMemory -\u003e systeminfo:computer:2512fadaf1:memory#usedPercent": {
    "class": "org.openhab.core.thing.link.ItemChannelLink",
    "value": {
      "channelUID": {
        "segments": [
          "systeminfo",
          "computer",
          "2512fadaf1",
          "memory#usedPercent"
        ],
        "uid": "systeminfo:computer:2512fadaf1:memory#usedPercent"
      },
      "configuration": {
        "properties": {}
      },
      "itemName": "Systeminfo_UsedMemory"
    }
  },
  "Systeminfo_UsedStorage -\u003e systeminfo:computer:2512fadaf1:storage#usedPercent": {
    "class": "org.openhab.core.thing.link.ItemChannelLink",
    "value": {
      "channelUID": {
        "segments": [
          "systeminfo",
          "computer",
          "2512fadaf1",
          "storage#usedPercent"
        ],
        "uid": "systeminfo:computer:2512fadaf1:storage#usedPercent"
      },
      "configuration": {
        "properties": {}
      },
      "itemName": "Systeminfo_UsedStorage"
    }
  },
  "TB3_CurrentTemperature -\u003e maxcul:thermostat:4b5e171fc9:bbd9c65639:OEQ1419829:actual_temp": {
    "class": "org.openhab.core.thing.link.ItemChannelLink",
    "value": {
      "channelUID": {
        "segments": [
          "maxcul",
          "thermostat",
          "4b5e171fc9",
          "bbd9c65639",
          "OEQ1419829",
          "actual_temp"
        ],
        "uid": "maxcul:thermostat:4b5e171fc9:bbd9c65639:OEQ1419829:actual_temp"
      },
      "configuration": {
        "properties": {}
      },
      "itemName": "TB3_CurrentTemperature"
    }
  },
  "TB3_LowBattery -\u003e maxcul:thermostat:4b5e171fc9:bbd9c65639:OEQ1419829:battery_low": {
    "class": "org.openhab.core.thing.link.ItemChannelLink",
    "value": {
      "channelUID": {
        "segments": [
          "maxcul",
          "thermostat",
          "4b5e171fc9",
          "bbd9c65639",
          "OEQ1419829",
          "battery_low"
        ],
        "uid": "maxcul:thermostat:4b5e171fc9:bbd9c65639:OEQ1419829:battery_low"
      },
      "configuration": {
        "properties": {}
      },
      "itemName": "TB3_LowBattery"
    }
  },
  "TB3_Mode -\u003e maxcul:thermostat:4b5e171fc9:bbd9c65639:OEQ1419829:mode": {
    "class": "org.openhab.core.thing.link.ItemChannelLink",
    "value": {
      "channelUID": {
        "segments": [
          "maxcul",
          "thermostat",
          "4b5e171fc9",
          "bbd9c65639",
          "OEQ1419829",
          "mode"
        ],
        "uid": "maxcul:thermostat:4b5e171fc9:bbd9c65639:OEQ1419829:mode"
      },
      "configuration": {
        "properties": {}
      },
      "itemName": "TB3_Mode"
    }
  },
  "TB3_SetpointTemperature -\u003e maxcul:thermostat:4b5e171fc9:bbd9c65639:OEQ1419829:set_temp": {
    "class": "org.openhab.core.thing.link.ItemChannelLink",
    "value": {
      "channelUID": {
        "segments": [
          "maxcul",
          "thermostat",
          "4b5e171fc9",
          "bbd9c65639",
          "OEQ1419829",
          "set_temp"
        ],
        "uid": "maxcul:thermostat:4b5e171fc9:bbd9c65639:OEQ1419829:set_temp"
      },
      "configuration": {
        "properties": {}
      },
      "itemName": "TB3_SetpointTemperature"
    }
  },
  "TB5_CurrentTemperature -\u003e maxcul:thermostat:4b5e171fc9:bbd9c65639:JEQ0252925:actual_temp": {
    "class": "org.openhab.core.thing.link.ItemChannelLink",
    "value": {
      "channelUID": {
        "segments": [
          "maxcul",
          "thermostat",
          "4b5e171fc9",
          "bbd9c65639",
          "JEQ0252925",
          "actual_temp"
        ],
        "uid": "maxcul:thermostat:4b5e171fc9:bbd9c65639:JEQ0252925:actual_temp"
      },
      "configuration": {
        "properties": {}
      },
      "itemName": "TB5_CurrentTemperature"
    }
  },
  "TB5_LowBattery -\u003e maxcul:thermostat:4b5e171fc9:bbd9c65639:JEQ0252925:battery_low": {
    "class": "org.openhab.core.thing.link.ItemChannelLink",
    "value": {
      "channelUID": {
        "segments": [
          "maxcul",
          "thermostat",
          "4b5e171fc9",
          "bbd9c65639",
          "JEQ0252925",
          "battery_low"
        ],
        "uid": "maxcul:thermostat:4b5e171fc9:bbd9c65639:JEQ0252925:battery_low"
      },
      "configuration": {
        "properties": {}
      },
      "itemName": "TB5_LowBattery"
    }
  },
  "TB5_Mode -\u003e maxcul:thermostat:4b5e171fc9:bbd9c65639:JEQ0252925:mode": {
    "class": "org.openhab.core.thing.link.ItemChannelLink",
    "value": {
      "channelUID": {
        "segments": [
          "maxcul",
          "thermostat",
          "4b5e171fc9",
          "bbd9c65639",
          "JEQ0252925",
          "mode"
        ],
        "uid": "maxcul:thermostat:4b5e171fc9:bbd9c65639:JEQ0252925:mode"
      },
      "configuration": {
        "properties": {}
      },
      "itemName": "TB5_Mode"
    }
  },
  "TB5_SetpointTemperature -\u003e maxcul:thermostat:4b5e171fc9:bbd9c65639:JEQ0252925:set_temp": {
    "class": "org.openhab.core.thing.link.ItemChannelLink",
    "value": {
      "channelUID": {
        "segments": [
          "maxcul",
          "thermostat",
          "4b5e171fc9",
          "bbd9c65639",
          "JEQ0252925",
          "set_temp"
        ],
        "uid": "maxcul:thermostat:4b5e171fc9:bbd9c65639:JEQ0252925:set_temp"
      },
      "configuration": {
        "properties": {}
      },
      "itemName": "TB5_SetpointTemperature"
    }
  }
}