{
  "overview": {
    "class": "org.openhab.core.ui.components.RootUIComponent",
    "value": {
      "uid": "overview",
      "tags": [],
      "props": {
        "parameters": [],
        "parameterGroups": []
      },
      "timestamp": "Oct 16, 2022, 4:19:18 PM",
      "component": "oh-layout-page",
      "config": {
        "label": "Overview"
      },
      "slots": {
        "default": [
          {
            "component": "oh-block",
            "config": {},
            "slots": {
              "default": [
                {
                  "component": "oh-grid-cells",
                  "config": {},
                  "slots": {
                    "default": [
                      {
                        "component": "oh-cell",
                        "config": {
                          "action": "toggle",
                          "actionCommand": "ON",
                          "actionCommandAlt": "OFF",
                          "actionItem": "MAXBridge_Pair",
                          "color": "blue",
                          "item": "MAXBridge_Pair",
                          "stateAsHeader": true,
                          "title": "MaxCUL Pair"
                        }
                      },
                      {
                        "component": "oh-cell",
                        "config": {
                          "action": "toggle",
                          "actionCommand": "ON",
                          "actionCommandAlt": "OFF",
                          "actionItem": "MAXBridge_Listen",
                          "color": "blue",
                          "item": "MAXBridge_Listen",
                          "stateAsHeader": true,
                          "title": "MaxCUL Listen"
                        }
                      }
                    ]
                  }
                }
              ]
            }
          },
          {
            "component": "oh-block",
            "config": {},
            "slots": {
              "default": [
                {
                  "component": "oh-grid-cells",
                  "config": {},
                  "slots": {
                    "default": [
                      {
                        "component": "oh-label-cell",
                        "config": {
                          "action": "analyzer",
                          "actionAnalyzerItems": [
                            "TB5_CurrentTemperature"
                          ],
                          "expandable": false,
                          "item": "TB5_CurrentTemperature",
                          "stateAsHeader": true,
                          "title": "B5 Current Temperature",
                          "trendItem": "TB5_CurrentTemperature"
                        }
                      },
                      {
                        "component": "oh-label-cell",
                        "config": {
                          "expandable": false,
                          "item": "TB5_LowBattery",
                          "stateAsHeader": true,
                          "title": "B5 Low Battery"
                        }
                      },
                      {
                        "component": "oh-label-cell",
                        "config": {
                          "action": "options",
                          "actionItem": "TB5_Mode",
                          "expandable": false,
                          "item": "TB5_Mode",
                          "stateAsHeader": true,
                          "title": "B5 Mode"
                        }
                      },
                      {
                        "component": "oh-label-cell",
                        "config": {
                          "action": "analyzer",
                          "actionAnalyzerItems": [
                            "TB5_SetpointTemperature"
                          ],
                          "expandable": false,
                          "item": "TB5_SetpointTemperature",
                          "stateAsHeader": true,
                          "title": "B5 Setpoint Temperature",
                          "trendItem": "TB5_SetpointTemperature"
                        }
                      }
                    ]
                  }
                }
              ]
            }
          },
          {
            "component": "oh-block",
            "config": {},
            "slots": {
              "default": [
                {
                  "component": "oh-grid-cells",
                  "config": {},
                  "slots": {
                    "default": [
                      {
                        "component": "oh-label-cell",
                        "config": {
                          "action": "analyzer",
                          "actionAnalyzerItems": [
                            "TB3_CurrentTemperature"
                          ],
                          "expandable": false,
                          "item": "TB3_CurrentTemperature",
                          "stateAsHeader": true,
                          "title": "B3 Current Temperature",
                          "trendItem": "TB3_CurrentTemperature"
                        }
                      },
                      {
                        "component": "oh-label-cell",
                        "config": {
                          "expandable": false,
                          "item": "TB3_LowBattery",
                          "stateAsHeader": true,
                          "title": "B3 Low Battery"
                        }
                      },
                      {
                        "component": "oh-label-cell",
                        "config": {
                          "action": "options",
                          "actionItem": "TB3_Mode",
                          "expandable": false,
                          "item": "TB3_Mode",
                          "stateAsHeader": true,
                          "title": "B3 Mode"
                        }
                      },
                      {
                        "component": "oh-label-cell",
                        "config": {
                          "action": "analyzer",
                          "actionAnalyzerItems": [
                            "TB3_SetpointTemperature"
                          ],
                          "expandable": false,
                          "item": "TB3_SetpointTemperature",
                          "stateAsHeader": true,
                          "title": "B3 Setpoint Temperature",
                          "trendItem": "TB3_SetpointTemperature"
                        }
                      }
                    ]
                  }
                }
              ]
            }
          },
          {
            "component": "oh-block",
            "config": {},
            "slots": {
              "default": [
                {
                  "component": "oh-grid-cells",
                  "config": {},
                  "slots": {
                    "default": [
                      {
                        "component": "oh-label-cell",
                        "config": {
                          "action": "analyzer",
                          "actionAnalyzerItems": [
                            "AT_B5",
                            "B5_AT"
                          ],
                          "expandable": false,
                          "item": "AT_FB",
                          "stateAsHeader": true,
                          "title": "FB Current Temperature",
                          "trendItem": "TB5_CurrentTemperature"
                        }
                      },
                      {
                        "component": "oh-label-cell",
                        "config": {
                          "action": "options",
                          "actionItem": "MD_FB",
                          "expandable": false,
                          "item": "TB3_Mode",
                          "stateAsHeader": true,
                          "title": "FB Mode"
                        }
                      }
                    ]
                  }
                }
              ]
            }
          }
        ]
      }
    }
  }
}