{
  "maxcul:thermostat:4b5e171fc9:bbd9c65639:OEQ1952222": {
    "class": "org.openhab.core.config.discovery.internal.DiscoveryResultImpl",
    "value": {
      "bridgeUID": {
        "segments": [
          "maxcul",
          "maxcul_bridge",
          "4b5e171fc9",
          "bbd9c65639"
        ],
        "uid": "maxcul:maxcul_bridge:4b5e171fc9:bbd9c65639"
      },
      "thingUID": {
        "segments": [
          "maxcul",
          "thermostat",
          "4b5e171fc9",
          "bbd9c65639",
          "OEQ1952222"
        ],
        "uid": "maxcul:thermostat:4b5e171fc9:bbd9c65639:OEQ1952222"
      },
      "thingTypeUID": {
        "segments": [
          "maxcul",
          "thermostat"
        ],
        "uid": ""
      },
      "properties": {
        "rfAddress": "1AB443",
        "serialNumber": "OEQ1952222"
      },
      "representationProperty": "serialNumber",
      "flag": "NEW",
      "label": "Thermostat: OEQ1952222",
      "timestamp": 1665932774665,
      "timeToLive": -1
    }
  },
  "maxcul:thermostat:4b5e171fc9:bbd9c65639:OEQ1952299": {
    "class": "org.openhab.core.config.discovery.internal.DiscoveryResultImpl",
    "value": {
      "bridgeUID": {
        "segments": [
          "maxcul",
          "maxcul_bridge",
          "4b5e171fc9",
          "bbd9c65639"
        ],
        "uid": "maxcul:maxcul_bridge:4b5e171fc9:bbd9c65639"
      },
      "thingUID": {
        "segments": [
          "maxcul",
          "thermostat",
          "4b5e171fc9",
          "bbd9c65639",
          "OEQ1952299"
        ],
        "uid": "maxcul:thermostat:4b5e171fc9:bbd9c65639:OEQ1952299"
      },
      "thingTypeUID": {
        "segments": [
          "maxcul",
          "thermostat"
        ],
        "uid": ""
      },
      "properties": {
        "rfAddress": "1AB3ED",
        "serialNumber": "OEQ1952299"
      },
      "representationProperty": "serialNumber",
      "flag": "NEW",
      "label": "Thermostat: OEQ1952299",
      "timestamp": 1665932785566,
      "timeToLive": -1
    }
  }
}