{
  "openhabian": {
    "class": "org.openhab.core.auth.ManagedUser",
    "value": {
      "name": "openhabian",
      "passwordHash": "McSG+dr9Xb97BEhvI4SLon9WtkxOL6+BdP3nc9Zo2G0nz8AgTrvVtiN4b5r+gLppSEkNBeApEOfDCAXoHadP0A\u003d\u003d",
      "passwordSalt": "hEeAiJlRLdDEzsaU22EElcBJDTE/sBW55/ZgNuF5cpVZQZK+chxqBWZ9Mn+MQm2H+fA+NDHJCdpC2Zemq4FGhA\u003d\u003d",
      "roles": [
        "administrator"
      ],
      "sessions": [
        {
          "sessionId": "308fc1eb-9dd8-426a-9b7b-57eb2e9f1c51",
          "refreshToken": "d3a2d84471d1424e9790eeffa3af4c06",
          "createdTime": "Oct 9, 2022, 3:10:06 PM",
          "lastRefreshTime": "Oct 9, 2022, 3:10:06 PM",
          "clientId": "http://openhabian:8080",
          "redirectUri": "http://openhabian:8080",
          "scope": "admin",
          "sessionCookie": true
        },
        {
          "sessionId": "6bba58f8-9e2b-40a8-8845-b993c1776515",
          "refreshToken": "ffec1ab48ded4141bd277b8344c74d45",
          "createdTime": "Oct 11, 2022, 8:34:42 PM",
          "lastRefreshTime": "Oct 11, 2022, 9:56:26 PM",
          "clientId": "http://openhabian:8080",
          "redirectUri": "http://openhabian:8080",
          "scope": "admin",
          "sessionCookie": true
        },
        {
          "sessionId": "4c26dd9c-c7c2-46b1-a4fb-5e9d80f00c99",
          "refreshToken": "24928d76412c4ff0b295dbdf4ae0b4d8",
          "createdTime": "Oct 16, 2022, 2:07:37 PM",
          "lastRefreshTime": "Oct 16, 2022, 2:07:37 PM",
          "clientId": "http://192.168.0.126:8080",
          "redirectUri": "http://192.168.0.126:8080",
          "scope": "admin",
          "sessionCookie": true
        },
        {
          "sessionId": "2d714dbb-7c1f-4ad7-90b1-6126671d0423",
          "refreshToken": "8d1a93d705724f03b1645ed6016d10c3",
          "createdTime": "Oct 16, 2022, 2:08:20 PM",
          "lastRefreshTime": "Oct 16, 2022, 4:00:01 PM",
          "clientId": "http://192.168.0.126:8080",
          "redirectUri": "http://192.168.0.126:8080",
          "scope": "admin",
          "sessionCookie": true
        }
      ],
      "apiTokens": [
        {
          "name": "items",
          "apiToken": "lI6f87uwS3p0ntgCuDF+8UxJyvMe2XgzUaujskG70x7jriZSmeB1coga40r901jvlMpeqs18cQZSN8qXLEEjeQ\u003d\u003d:bc+zO9Lb/3iqGKwREyhWgB6/uaaAgMBSJB7uEf78E5PR0GXv1Yeit5+VEP5LMPDINL3+YyY9icQqxhnJcCO2dA\u003d\u003d",
          "createdTime": "Oct 16, 2022, 3:44:46 PM",
          "scope": ""
        },
        {
          "name": "token",
          "apiToken": "neV2xk5kebVNaR5o03bWOcgMlx84dQnBeRfc75EFch70sVrE/O5VDZK3P9LCFc//eA2DthkAh1l3B9BFB4obzw\u003d\u003d:IRTBScvUMIEGETN4bM6GBBvP/sX5g5oTBhgTRFxZzW8B+p6K/AeQfKdrg98qMl/w7OPBur4fi2s6rtK7uyBc2g\u003d\u003d",
          "createdTime": "Oct 16, 2022, 3:45:10 PM",
          "scope": ""
        }
      ]
    }
  }
}