{
  "MAXBridge_Listen": {
    "class": "org.openhab.core.items.ManagedItemProvider$PersistedItem",
    "value": {
      "groupNames": [],
      "itemType": "Switch",
      "tags": [
        "Point",
        "Switchable"
      ],
      "label": "On/Off",
      "category": "Switch"
    }
  },
  "MAXBridge_Pair": {
    "class": "org.openhab.core.items.ManagedItemProvider$PersistedItem",
    "value": {
      "groupNames": [],
      "itemType": "Switch",
      "tags": [
        "Point",
        "Switchable"
      ],
      "label": "On/Off",
      "category": "Switch"
    }
  },
  "Systeminfo_UsedMemory": {
    "class": "org.openhab.core.items.ManagedItemProvider$PersistedItem",
    "value": {
      "groupNames": [],
      "itemType": "Number",
      "tags": [
        "Point"
      ],
      "label": "Memory (%)",
      "category": ""
    }
  },
  "Systeminfo_UsedStorage": {
    "class": "org.openhab.core.items.ManagedItemProvider$PersistedItem",
    "value": {
      "groupNames": [],
      "itemType": "Number",
      "tags": [
        "Point"
      ],
      "label": "Storage (%)",
      "category": ""
    }
  },
  "TB3_CurrentTemperature": {
    "class": "org.openhab.core.items.ManagedItemProvider$PersistedItem",
    "value": {
      "groupNames": [],
      "itemType": "Number:Temperature",
      "tags": [
        "Point",
        "heating"
      ],
      "label": "B3 Current Temperature",
      "category": "Temperature"
    }
  },
  "TB3_LowBattery": {
    "class": "org.openhab.core.items.ManagedItemProvider$PersistedItem",
    "value": {
      "groupNames": [],
      "itemType": "Switch",
      "tags": [
        "Energy",
        "LowBattery"
      ],
      "label": "B3 Low Battery",
      "category": "LowBattery"
    }
  },
  "TB3_Mode": {
    "class": "org.openhab.core.items.ManagedItemProvider$PersistedItem",
    "value": {
      "groupNames": [],
      "itemType": "String",
      "tags": [
        "Point",
        "heating"
      ],
      "label": "B3 Mode",
      "category": ""
    }
  },
  "TB3_SetpointTemperature": {
    "class": "org.openhab.core.items.ManagedItemProvider$PersistedItem",
    "value": {
      "groupNames": [],
      "itemType": "Number:Temperature",
      "tags": [
        "Point",
        "heating"
      ],
      "label": "B3 Setpoint Temperature",
      "category": "Temperature"
    }
  },
  "TB5_CurrentTemperature": {
    "class": "org.openhab.core.items.ManagedItemProvider$PersistedItem",
    "value": {
      "groupNames": [],
      "itemType": "Number:Temperature",
      "tags": [
        "Point",
        "heating"
      ],
      "label": "B5 Current Temperature",
      "category": "Temperature"
    }
  },
  "TB5_LowBattery": {
    "class": "org.openhab.core.items.ManagedItemProvider$PersistedItem",
    "value": {
      "groupNames": [],
      "itemType": "Switch",
      "tags": [
        "Energy",
        "LowBattery"
      ],
      "label": "B5 Low Battery",
      "category": "LowBattery"
    }
  },
  "TB5_Mode": {
    "class": "org.openhab.core.items.ManagedItemProvider$PersistedItem",
    "value": {
      "groupNames": [],
      "itemType": "String",
      "tags": [
        "Point",
        "heating"
      ],
      "label": "Mode",
      "category": ""
    }
  },
  "TB5_SetpointTemperature": {
    "class": "org.openhab.core.items.ManagedItemProvider$PersistedItem",
    "value": {
      "groupNames": [],
      "itemType": "Number:Temperature",
      "tags": [
        "Point",
        "heating"
      ],
      "label": "Setpoint Temperature",
      "category": "Temperature"
    }
  }
}