{
  "maxcul:thermostat:4b5e171fc9:bbd9c65639:JEQ0253669": {
    "class": "org.openhab.core.config.discovery.internal.DiscoveryResultImpl",
    "value": {
      "bridgeUID": {
        "segments": [
          "maxcul",
          "maxcul_bridge",
          "4b5e171fc9",
          "bbd9c65639"
        ],
        "uid": "maxcul:maxcul_bridge:4b5e171fc9:bbd9c65639"
      },
      "thingUID": {
        "segments": [
          "maxcul",
          "thermostat",
          "4b5e171fc9",
          "bbd9c65639",
          "JEQ0253669"
        ],
        "uid": "maxcul:thermostat:4b5e171fc9:bbd9c65639:JEQ0253669"
      },
      "thingTypeUID": {
        "segments": [
          "maxcul",
          "thermostat"
        ],
        "uid": ""
      },
      "properties": {
        "rfAddress": "0215CB",
        "serialNumber": "JEQ0253669"
      },
      "representationProperty": "serialNumber",
      "flag": "NEW",
      "label": "Thermostat: JEQ0253669",
      "timestamp": 1665933344962,
      "timeToLive": -1
    }
  }
}