{
  "maxcul:cun_max_bridge:4b5e171fc9": {
    "class": "org.openhab.core.thing.internal.ThingStorageEntity",
    "value": {
      "isBridge": true,
      "channels": [
        {
          "uid": "maxcul:cun_max_bridge:4b5e171fc9:led",
          "id": "led",
          "channelTypeUID": "maxcul:onoff",
          "itemType": "Switch",
          "kind": "STATE",
          "label": "On/Off",
          "defaultTags": [
            "Switchable"
          ],
          "properties": {},
          "configuration": {},
          "autoUpdatePolicy": "DEFAULT"
        },
        {
          "uid": "maxcul:cun_max_bridge:4b5e171fc9:credit10ms",
          "id": "credit10ms",
          "channelTypeUID": "maxcul:credits",
          "itemType": "Number",
          "kind": "STATE",
          "label": "credits",
          "description": "credits of 10ms",
          "defaultTags": [],
          "properties": {},
          "configuration": {},
          "autoUpdatePolicy": "DEFAULT"
        }
      ],
      "label": "CUN Bridge",
      "configuration": {
        "networkPath": "192.168.0.119:2323"
      },
      "properties": {},
      "UID": "maxcul:cun_max_bridge:4b5e171fc9",
      "thingTypeUID": "maxcul:cun_max_bridge"
    }
  },
  "maxcul:maxcul_bridge:4b5e171fc9:bbd9c65639": {
    "class": "org.openhab.core.thing.internal.ThingStorageEntity",
    "value": {
      "isBridge": true,
      "channels": [
        {
          "uid": "maxcul:maxcul_bridge:4b5e171fc9:bbd9c65639:pair_mode",
          "id": "pair_mode",
          "channelTypeUID": "maxcul:onoff",
          "itemType": "Switch",
          "kind": "STATE",
          "label": "On/Off",
          "defaultTags": [
            "Switchable"
          ],
          "properties": {},
          "configuration": {}
        },
        {
          "uid": "maxcul:maxcul_bridge:4b5e171fc9:bbd9c65639:listen_mode",
          "id": "listen_mode",
          "channelTypeUID": "maxcul:onoff",
          "itemType": "Switch",
          "kind": "STATE",
          "label": "On/Off",
          "defaultTags": [
            "Switchable"
          ],
          "properties": {},
          "configuration": {}
        }
      ],
      "label": "MAX! Bridge",
      "bridgeUID": "maxcul:cun_max_bridge:4b5e171fc9",
      "configuration": {
        "timezone": "Europe/London"
      },
      "properties": {},
      "UID": "maxcul:maxcul_bridge:4b5e171fc9:bbd9c65639",
      "thingTypeUID": "maxcul:maxcul_bridge"
    }
  },
  "maxcul:thermostat:4b5e171fc9:bbd9c65639:JEQ0252925": {
    "class": "org.openhab.core.thing.internal.ThingStorageEntity",
    "value": {
      "isBridge": false,
      "channels": [
        {
          "uid": "maxcul:thermostat:4b5e171fc9:bbd9c65639:JEQ0252925:valve",
          "id": "valve",
          "channelTypeUID": "maxcul:valve",
          "itemType": "Number",
          "kind": "STATE",
          "label": "Valve Position",
          "description": "Thermostat Valve Position",
          "defaultTags": [],
          "properties": {},
          "configuration": {},
          "autoUpdatePolicy": "DEFAULT"
        },
        {
          "uid": "maxcul:thermostat:4b5e171fc9:bbd9c65639:JEQ0252925:battery_low",
          "id": "battery_low",
          "channelTypeUID": "system:low-battery",
          "itemType": "Switch",
          "kind": "STATE",
          "label": "Low Battery",
          "description": "Low battery warning with possible values on (low battery) and off (battery ok)",
          "defaultTags": [
            "Energy",
            "LowBattery"
          ],
          "properties": {},
          "configuration": {},
          "autoUpdatePolicy": "DEFAULT"
        },
        {
          "uid": "maxcul:thermostat:4b5e171fc9:bbd9c65639:JEQ0252925:mode",
          "id": "mode",
          "channelTypeUID": "maxcul:mode",
          "itemType": "String",
          "kind": "STATE",
          "label": "Mode",
          "description": "Thermostat Mode Setting",
          "defaultTags": [
            "heating"
          ],
          "properties": {},
          "configuration": {},
          "autoUpdatePolicy": "DEFAULT"
        },
        {
          "uid": "maxcul:thermostat:4b5e171fc9:bbd9c65639:JEQ0252925:actual_temp",
          "id": "actual_temp",
          "channelTypeUID": "maxcul:actual_temp",
          "itemType": "Number:Temperature",
          "kind": "STATE",
          "label": "Current Temperature",
          "description": "Current measured room temperature",
          "defaultTags": [
            "heating"
          ],
          "properties": {},
          "configuration": {},
          "autoUpdatePolicy": "DEFAULT"
        },
        {
          "uid": "maxcul:thermostat:4b5e171fc9:bbd9c65639:JEQ0252925:set_temp",
          "id": "set_temp",
          "channelTypeUID": "maxcul:set_temp",
          "itemType": "Number:Temperature",
          "kind": "STATE",
          "label": "Setpoint Temperature",
          "description": "Thermostat Setpoint temperature",
          "defaultTags": [
            "heating"
          ],
          "properties": {},
          "configuration": {},
          "autoUpdatePolicy": "DEFAULT"
        },
        {
          "uid": "maxcul:thermostat:4b5e171fc9:bbd9c65639:JEQ0252925:locked",
          "id": "locked",
          "channelTypeUID": "maxcul:locked",
          "itemType": "Contact",
          "kind": "STATE",
          "label": "Thermostat Locked",
          "description": "Thermostat is locked for adjustments",
          "defaultTags": [],
          "properties": {},
          "configuration": {},
          "autoUpdatePolicy": "DEFAULT"
        }
      ],
      "label": "T_B5",
      "bridgeUID": "maxcul:maxcul_bridge:4b5e171fc9:bbd9c65639",
      "configuration": {
        "action-deviceReset": -1,
        "offsetTemp": 0.0,
        "rfAddress": "020D58",
        "serialNumber": "JEQ0252925",
        "weekProfile": "17,06-00,21,09-00,17,17-00,21,22-00,17"
      },
      "properties": {
        "thing_version": "1.1"
      },
      "UID": "maxcul:thermostat:4b5e171fc9:bbd9c65639:JEQ0252925",
      "thingTypeUID": "maxcul:thermostat"
    }
  },
  "maxcul:thermostat:4b5e171fc9:bbd9c65639:JEQ0253669": {
    "class": "org.openhab.core.thing.internal.ThingStorageEntity",
    "value": {
      "isBridge": false,
      "channels": [
        {
          "uid": "maxcul:thermostat:4b5e171fc9:bbd9c65639:JEQ0253669:valve",
          "id": "valve",
          "channelTypeUID": "maxcul:valve",
          "itemType": "Number",
          "kind": "STATE",
          "label": "Valve Position",
          "description": "Thermostat Valve Position",
          "defaultTags": [],
          "properties": {},
          "configuration": {}
        },
        {
          "uid": "maxcul:thermostat:4b5e171fc9:bbd9c65639:JEQ0253669:battery_low",
          "id": "battery_low",
          "channelTypeUID": "system:low-battery",
          "itemType": "Switch",
          "kind": "STATE",
          "label": "Low Battery",
          "description": "Low battery warning with possible values on (low battery) and off (battery ok)",
          "defaultTags": [
            "Energy",
            "LowBattery"
          ],
          "properties": {},
          "configuration": {}
        },
        {
          "uid": "maxcul:thermostat:4b5e171fc9:bbd9c65639:JEQ0253669:mode",
          "id": "mode",
          "channelTypeUID": "maxcul:mode",
          "itemType": "String",
          "kind": "STATE",
          "label": "Mode",
          "description": "Thermostat Mode Setting",
          "defaultTags": [
            "heating"
          ],
          "properties": {},
          "configuration": {}
        },
        {
          "uid": "maxcul:thermostat:4b5e171fc9:bbd9c65639:JEQ0253669:actual_temp",
          "id": "actual_temp",
          "channelTypeUID": "maxcul:actual_temp",
          "itemType": "Number:Temperature",
          "kind": "STATE",
          "label": "Current Temperature",
          "description": "Current measured room temperature",
          "defaultTags": [
            "heating"
          ],
          "properties": {},
          "configuration": {}
        },
        {
          "uid": "maxcul:thermostat:4b5e171fc9:bbd9c65639:JEQ0253669:set_temp",
          "id": "set_temp",
          "channelTypeUID": "maxcul:set_temp",
          "itemType": "Number:Temperature",
          "kind": "STATE",
          "label": "Setpoint Temperature",
          "description": "Thermostat Setpoint temperature",
          "defaultTags": [
            "heating"
          ],
          "properties": {},
          "configuration": {}
        },
        {
          "uid": "maxcul:thermostat:4b5e171fc9:bbd9c65639:JEQ0253669:locked",
          "id": "locked",
          "channelTypeUID": "maxcul:locked",
          "itemType": "Contact",
          "kind": "STATE",
          "label": "Thermostat Locked",
          "description": "Thermostat is locked for adjustments",
          "defaultTags": [],
          "properties": {},
          "configuration": {}
        }
      ],
      "label": "T_E2",
      "bridgeUID": "maxcul:maxcul_bridge:4b5e171fc9:bbd9c65639",
      "configuration": {
        "action-deviceReset": -1,
        "rfAddress": "0215CB",
        "serialNumber": "JEQ0253669"
      },
      "properties": {
        "thing_version": "1.1"
      },
      "UID": "maxcul:thermostat:4b5e171fc9:bbd9c65639:JEQ0253669",
      "thingTypeUID": "maxcul:thermostat"
    }
  },
  "maxcul:thermostat:4b5e171fc9:bbd9c65639:JEQ0337555": {
    "class": "org.openhab.core.thing.internal.ThingStorageEntity",
    "value": {
      "isBridge": false,
      "channels": [
        {
          "uid": "maxcul:thermostat:4b5e171fc9:bbd9c65639:JEQ0337555:valve",
          "id": "valve",
          "channelTypeUID": "maxcul:valve",
          "itemType": "Number",
          "kind": "STATE",
          "label": "Valve Position",
          "description": "Thermostat Valve Position",
          "defaultTags": [],
          "properties": {},
          "configuration": {}
        },
        {
          "uid": "maxcul:thermostat:4b5e171fc9:bbd9c65639:JEQ0337555:battery_low",
          "id": "battery_low",
          "channelTypeUID": "system:low-battery",
          "itemType": "Switch",
          "kind": "STATE",
          "label": "Low Battery",
          "description": "Low battery warning with possible values on (low battery) and off (battery ok)",
          "defaultTags": [
            "Energy",
            "LowBattery"
          ],
          "properties": {},
          "configuration": {}
        },
        {
          "uid": "maxcul:thermostat:4b5e171fc9:bbd9c65639:JEQ0337555:mode",
          "id": "mode",
          "channelTypeUID": "maxcul:mode",
          "itemType": "String",
          "kind": "STATE",
          "label": "Mode",
          "description": "Thermostat Mode Setting",
          "defaultTags": [
            "heating"
          ],
          "properties": {},
          "configuration": {}
        },
        {
          "uid": "maxcul:thermostat:4b5e171fc9:bbd9c65639:JEQ0337555:actual_temp",
          "id": "actual_temp",
          "channelTypeUID": "maxcul:actual_temp",
          "itemType": "Number:Temperature",
          "kind": "STATE",
          "label": "Current Temperature",
          "description": "Current measured room temperature",
          "defaultTags": [
            "heating"
          ],
          "properties": {},
          "configuration": {}
        },
        {
          "uid": "maxcul:thermostat:4b5e171fc9:bbd9c65639:JEQ0337555:set_temp",
          "id": "set_temp",
          "channelTypeUID": "maxcul:set_temp",
          "itemType": "Number:Temperature",
          "kind": "STATE",
          "label": "Setpoint Temperature",
          "description": "Thermostat Setpoint temperature",
          "defaultTags": [
            "heating"
          ],
          "properties": {},
          "configuration": {}
        },
        {
          "uid": "maxcul:thermostat:4b5e171fc9:bbd9c65639:JEQ0337555:locked",
          "id": "locked",
          "channelTypeUID": "maxcul:locked",
          "itemType": "Contact",
          "kind": "STATE",
          "label": "Thermostat Locked",
          "description": "Thermostat is locked for adjustments",
          "defaultTags": [],
          "properties": {},
          "configuration": {}
        }
      ],
      "label": "T_B2",
      "bridgeUID": "maxcul:maxcul_bridge:4b5e171fc9:bbd9c65639",
      "configuration": {
        "action-deviceReset": -1,
        "rfAddress": "017A06",
        "serialNumber": "JEQ0337555"
      },
      "properties": {
        "thing_version": "1.1"
      },
      "UID": "maxcul:thermostat:4b5e171fc9:bbd9c65639:JEQ0337555",
      "thingTypeUID": "maxcul:thermostat"
    }
  },
  "maxcul:thermostat:4b5e171fc9:bbd9c65639:JEQ0687143": {
    "class": "org.openhab.core.thing.internal.ThingStorageEntity",
    "value": {
      "isBridge": false,
      "channels": [
        {
          "uid": "maxcul:thermostat:4b5e171fc9:bbd9c65639:JEQ0687143:valve",
          "id": "valve",
          "channelTypeUID": "maxcul:valve",
          "itemType": "Number",
          "kind": "STATE",
          "label": "Valve Position",
          "description": "Thermostat Valve Position",
          "defaultTags": [],
          "properties": {},
          "configuration": {}
        },
        {
          "uid": "maxcul:thermostat:4b5e171fc9:bbd9c65639:JEQ0687143:battery_low",
          "id": "battery_low",
          "channelTypeUID": "system:low-battery",
          "itemType": "Switch",
          "kind": "STATE",
          "label": "Low Battery",
          "description": "Low battery warning with possible values on (low battery) and off (battery ok)",
          "defaultTags": [
            "Energy",
            "LowBattery"
          ],
          "properties": {},
          "configuration": {}
        },
        {
          "uid": "maxcul:thermostat:4b5e171fc9:bbd9c65639:JEQ0687143:mode",
          "id": "mode",
          "channelTypeUID": "maxcul:mode",
          "itemType": "String",
          "kind": "STATE",
          "label": "Mode",
          "description": "Thermostat Mode Setting",
          "defaultTags": [
            "heating"
          ],
          "properties": {},
          "configuration": {}
        },
        {
          "uid": "maxcul:thermostat:4b5e171fc9:bbd9c65639:JEQ0687143:actual_temp",
          "id": "actual_temp",
          "channelTypeUID": "maxcul:actual_temp",
          "itemType": "Number:Temperature",
          "kind": "STATE",
          "label": "Current Temperature",
          "description": "Current measured room temperature",
          "defaultTags": [
            "heating"
          ],
          "properties": {},
          "configuration": {}
        },
        {
          "uid": "maxcul:thermostat:4b5e171fc9:bbd9c65639:JEQ0687143:set_temp",
          "id": "set_temp",
          "channelTypeUID": "maxcul:set_temp",
          "itemType": "Number:Temperature",
          "kind": "STATE",
          "label": "Setpoint Temperature",
          "description": "Thermostat Setpoint temperature",
          "defaultTags": [
            "heating"
          ],
          "properties": {},
          "configuration": {}
        },
        {
          "uid": "maxcul:thermostat:4b5e171fc9:bbd9c65639:JEQ0687143:locked",
          "id": "locked",
          "channelTypeUID": "maxcul:locked",
          "itemType": "Contact",
          "kind": "STATE",
          "label": "Thermostat Locked",
          "description": "Thermostat is locked for adjustments",
          "defaultTags": [],
          "properties": {},
          "configuration": {}
        }
      ],
      "label": "T_FB",
      "bridgeUID": "maxcul:maxcul_bridge:4b5e171fc9:bbd9c65639",
      "configuration": {
        "action-deviceReset": -1,
        "rfAddress": "06FEE9",
        "serialNumber": "JEQ0687143"
      },
      "properties": {
        "thing_version": "1.1"
      },
      "UID": "maxcul:thermostat:4b5e171fc9:bbd9c65639:JEQ0687143",
      "thingTypeUID": "maxcul:thermostat"
    }
  },
  "maxcul:thermostat:4b5e171fc9:bbd9c65639:MEQ1443223": {
    "class": "org.openhab.core.thing.internal.ThingStorageEntity",
    "value": {
      "isBridge": false,
      "channels": [
        {
          "uid": "maxcul:thermostat:4b5e171fc9:bbd9c65639:MEQ1443223:valve",
          "id": "valve",
          "channelTypeUID": "maxcul:valve",
          "itemType": "Number",
          "kind": "STATE",
          "label": "Valve Position",
          "description": "Thermostat Valve Position",
          "defaultTags": [],
          "properties": {},
          "configuration": {}
        },
        {
          "uid": "maxcul:thermostat:4b5e171fc9:bbd9c65639:MEQ1443223:battery_low",
          "id": "battery_low",
          "channelTypeUID": "system:low-battery",
          "itemType": "Switch",
          "kind": "STATE",
          "label": "Low Battery",
          "description": "Low battery warning with possible values on (low battery) and off (battery ok)",
          "defaultTags": [
            "Energy",
            "LowBattery"
          ],
          "properties": {},
          "configuration": {}
        },
        {
          "uid": "maxcul:thermostat:4b5e171fc9:bbd9c65639:MEQ1443223:mode",
          "id": "mode",
          "channelTypeUID": "maxcul:mode",
          "itemType": "String",
          "kind": "STATE",
          "label": "Mode",
          "description": "Thermostat Mode Setting",
          "defaultTags": [
            "heating"
          ],
          "properties": {},
          "configuration": {}
        },
        {
          "uid": "maxcul:thermostat:4b5e171fc9:bbd9c65639:MEQ1443223:actual_temp",
          "id": "actual_temp",
          "channelTypeUID": "maxcul:actual_temp",
          "itemType": "Number:Temperature",
          "kind": "STATE",
          "label": "Current Temperature",
          "description": "Current measured room temperature",
          "defaultTags": [
            "heating"
          ],
          "properties": {},
          "configuration": {}
        },
        {
          "uid": "maxcul:thermostat:4b5e171fc9:bbd9c65639:MEQ1443223:set_temp",
          "id": "set_temp",
          "channelTypeUID": "maxcul:set_temp",
          "itemType": "Number:Temperature",
          "kind": "STATE",
          "label": "Setpoint Temperature",
          "description": "Thermostat Setpoint temperature",
          "defaultTags": [
            "heating"
          ],
          "properties": {},
          "configuration": {}
        },
        {
          "uid": "maxcul:thermostat:4b5e171fc9:bbd9c65639:MEQ1443223:locked",
          "id": "locked",
          "channelTypeUID": "maxcul:locked",
          "itemType": "Contact",
          "kind": "STATE",
          "label": "Thermostat Locked",
          "description": "Thermostat is locked for adjustments",
          "defaultTags": [],
          "properties": {},
          "configuration": {}
        }
      ],
      "label": "T_O",
      "bridgeUID": "maxcul:maxcul_bridge:4b5e171fc9:bbd9c65639",
      "configuration": {
        "action-deviceReset": -1,
        "rfAddress": "130C2A",
        "serialNumber": "MEQ1443223"
      },
      "properties": {
        "thing_version": "1.1"
      },
      "UID": "maxcul:thermostat:4b5e171fc9:bbd9c65639:MEQ1443223",
      "thingTypeUID": "maxcul:thermostat"
    }
  },
  "maxcul:thermostat:4b5e171fc9:bbd9c65639:MEQ1447569": {
    "class": "org.openhab.core.thing.internal.ThingStorageEntity",
    "value": {
      "isBridge": false,
      "channels": [
        {
          "uid": "maxcul:thermostat:4b5e171fc9:bbd9c65639:MEQ1447569:valve",
          "id": "valve",
          "channelTypeUID": "maxcul:valve",
          "itemType": "Number",
          "kind": "STATE",
          "label": "Valve Position",
          "description": "Thermostat Valve Position",
          "defaultTags": [],
          "properties": {},
          "configuration": {}
        },
        {
          "uid": "maxcul:thermostat:4b5e171fc9:bbd9c65639:MEQ1447569:battery_low",
          "id": "battery_low",
          "channelTypeUID": "system:low-battery",
          "itemType": "Switch",
          "kind": "STATE",
          "label": "Low Battery",
          "description": "Low battery warning with possible values on (low battery) and off (battery ok)",
          "defaultTags": [
            "Energy",
            "LowBattery"
          ],
          "properties": {},
          "configuration": {}
        },
        {
          "uid": "maxcul:thermostat:4b5e171fc9:bbd9c65639:MEQ1447569:mode",
          "id": "mode",
          "channelTypeUID": "maxcul:mode",
          "itemType": "String",
          "kind": "STATE",
          "label": "Mode",
          "description": "Thermostat Mode Setting",
          "defaultTags": [
            "heating"
          ],
          "properties": {},
          "configuration": {}
        },
        {
          "uid": "maxcul:thermostat:4b5e171fc9:bbd9c65639:MEQ1447569:actual_temp",
          "id": "actual_temp",
          "channelTypeUID": "maxcul:actual_temp",
          "itemType": "Number:Temperature",
          "kind": "STATE",
          "label": "Current Temperature",
          "description": "Current measured room temperature",
          "defaultTags": [
            "heating"
          ],
          "properties": {},
          "configuration": {}
        },
        {
          "uid": "maxcul:thermostat:4b5e171fc9:bbd9c65639:MEQ1447569:set_temp",
          "id": "set_temp",
          "channelTypeUID": "maxcul:set_temp",
          "itemType": "Number:Temperature",
          "kind": "STATE",
          "label": "Setpoint Temperature",
          "description": "Thermostat Setpoint temperature",
          "defaultTags": [
            "heating"
          ],
          "properties": {},
          "configuration": {}
        },
        {
          "uid": "maxcul:thermostat:4b5e171fc9:bbd9c65639:MEQ1447569:locked",
          "id": "locked",
          "channelTypeUID": "maxcul:locked",
          "itemType": "Contact",
          "kind": "STATE",
          "label": "Thermostat Locked",
          "description": "Thermostat is locked for adjustments",
          "defaultTags": [],
          "properties": {},
          "configuration": {}
        }
      ],
      "label": "T_U",
      "bridgeUID": "maxcul:maxcul_bridge:4b5e171fc9:bbd9c65639",
      "configuration": {
        "action-deviceReset": -1,
        "rfAddress": "13DE1A",
        "serialNumber": "MEQ1447569"
      },
      "properties": {
        "thing_version": "1.1"
      },
      "UID": "maxcul:thermostat:4b5e171fc9:bbd9c65639:MEQ1447569",
      "thingTypeUID": "maxcul:thermostat"
    }
  },
  "maxcul:thermostat:4b5e171fc9:bbd9c65639:MEQ1449013": {
    "class": "org.openhab.core.thing.internal.ThingStorageEntity",
    "value": {
      "isBridge": false,
      "channels": [
        {
          "uid": "maxcul:thermostat:4b5e171fc9:bbd9c65639:MEQ1449013:valve",
          "id": "valve",
          "channelTypeUID": "maxcul:valve",
          "itemType": "Number",
          "kind": "STATE",
          "label": "Valve Position",
          "description": "Thermostat Valve Position",
          "defaultTags": [],
          "properties": {},
          "configuration": {}
        },
        {
          "uid": "maxcul:thermostat:4b5e171fc9:bbd9c65639:MEQ1449013:battery_low",
          "id": "battery_low",
          "channelTypeUID": "system:low-battery",
          "itemType": "Switch",
          "kind": "STATE",
          "label": "Low Battery",
          "description": "Low battery warning with possible values on (low battery) and off (battery ok)",
          "defaultTags": [
            "Energy",
            "LowBattery"
          ],
          "properties": {},
          "configuration": {}
        },
        {
          "uid": "maxcul:thermostat:4b5e171fc9:bbd9c65639:MEQ1449013:mode",
          "id": "mode",
          "channelTypeUID": "maxcul:mode",
          "itemType": "String",
          "kind": "STATE",
          "label": "Mode",
          "description": "Thermostat Mode Setting",
          "defaultTags": [
            "heating"
          ],
          "properties": {},
          "configuration": {}
        },
        {
          "uid": "maxcul:thermostat:4b5e171fc9:bbd9c65639:MEQ1449013:actual_temp",
          "id": "actual_temp",
          "channelTypeUID": "maxcul:actual_temp",
          "itemType": "Number:Temperature",
          "kind": "STATE",
          "label": "Current Temperature",
          "description": "Current measured room temperature",
          "defaultTags": [
            "heating"
          ],
          "properties": {},
          "configuration": {}
        },
        {
          "uid": "maxcul:thermostat:4b5e171fc9:bbd9c65639:MEQ1449013:set_temp",
          "id": "set_temp",
          "channelTypeUID": "maxcul:set_temp",
          "itemType": "Number:Temperature",
          "kind": "STATE",
          "label": "Setpoint Temperature",
          "description": "Thermostat Setpoint temperature",
          "defaultTags": [
            "heating"
          ],
          "properties": {},
          "configuration": {}
        },
        {
          "uid": "maxcul:thermostat:4b5e171fc9:bbd9c65639:MEQ1449013:locked",
          "id": "locked",
          "channelTypeUID": "maxcul:locked",
          "itemType": "Contact",
          "kind": "STATE",
          "label": "Thermostat Locked",
          "description": "Thermostat is locked for adjustments",
          "defaultTags": [],
          "properties": {},
          "configuration": {}
        }
      ],
      "label": "T_E1",
      "bridgeUID": "maxcul:maxcul_bridge:4b5e171fc9:bbd9c65639",
      "configuration": {
        "action-deviceReset": -1,
        "rfAddress": "13E3C4",
        "serialNumber": "MEQ1449013"
      },
      "properties": {
        "thing_version": "1.1"
      },
      "UID": "maxcul:thermostat:4b5e171fc9:bbd9c65639:MEQ1449013",
      "thingTypeUID": "maxcul:thermostat"
    }
  },
  "maxcul:thermostat:4b5e171fc9:bbd9c65639:MEQ1449018": {
    "class": "org.openhab.core.thing.internal.ThingStorageEntity",
    "value": {
      "isBridge": false,
      "channels": [
        {
          "uid": "maxcul:thermostat:4b5e171fc9:bbd9c65639:MEQ1449018:valve",
          "id": "valve",
          "channelTypeUID": "maxcul:valve",
          "itemType": "Number",
          "kind": "STATE",
          "label": "Valve Position",
          "description": "Thermostat Valve Position",
          "defaultTags": [],
          "properties": {},
          "configuration": {}
        },
        {
          "uid": "maxcul:thermostat:4b5e171fc9:bbd9c65639:MEQ1449018:battery_low",
          "id": "battery_low",
          "channelTypeUID": "system:low-battery",
          "itemType": "Switch",
          "kind": "STATE",
          "label": "Low Battery",
          "description": "Low battery warning with possible values on (low battery) and off (battery ok)",
          "defaultTags": [
            "Energy",
            "LowBattery"
          ],
          "properties": {},
          "configuration": {}
        },
        {
          "uid": "maxcul:thermostat:4b5e171fc9:bbd9c65639:MEQ1449018:mode",
          "id": "mode",
          "channelTypeUID": "maxcul:mode",
          "itemType": "String",
          "kind": "STATE",
          "label": "Mode",
          "description": "Thermostat Mode Setting",
          "defaultTags": [
            "heating"
          ],
          "properties": {},
          "configuration": {}
        },
        {
          "uid": "maxcul:thermostat:4b5e171fc9:bbd9c65639:MEQ1449018:actual_temp",
          "id": "actual_temp",
          "channelTypeUID": "maxcul:actual_temp",
          "itemType": "Number:Temperature",
          "kind": "STATE",
          "label": "Current Temperature",
          "description": "Current measured room temperature",
          "defaultTags": [
            "heating"
          ],
          "properties": {},
          "configuration": {}
        },
        {
          "uid": "maxcul:thermostat:4b5e171fc9:bbd9c65639:MEQ1449018:set_temp",
          "id": "set_temp",
          "channelTypeUID": "maxcul:set_temp",
          "itemType": "Number:Temperature",
          "kind": "STATE",
          "label": "Setpoint Temperature",
          "description": "Thermostat Setpoint temperature",
          "defaultTags": [
            "heating"
          ],
          "properties": {},
          "configuration": {}
        },
        {
          "uid": "maxcul:thermostat:4b5e171fc9:bbd9c65639:MEQ1449018:locked",
          "id": "locked",
          "channelTypeUID": "maxcul:locked",
          "itemType": "Contact",
          "kind": "STATE",
          "label": "Thermostat Locked",
          "description": "Thermostat is locked for adjustments",
          "defaultTags": [],
          "properties": {},
          "configuration": {}
        }
      ],
      "label": "T_P",
      "bridgeUID": "maxcul:maxcul_bridge:4b5e171fc9:bbd9c65639",
      "configuration": {
        "action-deviceReset": -1,
        "rfAddress": "13E3CF",
        "serialNumber": "MEQ1449018"
      },
      "properties": {
        "thing_version": "1.1"
      },
      "UID": "maxcul:thermostat:4b5e171fc9:bbd9c65639:MEQ1449018",
      "thingTypeUID": "maxcul:thermostat"
    }
  },
  "maxcul:thermostat:4b5e171fc9:bbd9c65639:MEQ1450552": {
    "class": "org.openhab.core.thing.internal.ThingStorageEntity",
    "value": {
      "isBridge": false,
      "channels": [
        {
          "uid": "maxcul:thermostat:4b5e171fc9:bbd9c65639:MEQ1450552:valve",
          "id": "valve",
          "channelTypeUID": "maxcul:valve",
          "itemType": "Number",
          "kind": "STATE",
          "label": "Valve Position",
          "description": "Thermostat Valve Position",
          "defaultTags": [],
          "properties": {},
          "configuration": {}
        },
        {
          "uid": "maxcul:thermostat:4b5e171fc9:bbd9c65639:MEQ1450552:battery_low",
          "id": "battery_low",
          "channelTypeUID": "system:low-battery",
          "itemType": "Switch",
          "kind": "STATE",
          "label": "Low Battery",
          "description": "Low battery warning with possible values on (low battery) and off (battery ok)",
          "defaultTags": [
            "Energy",
            "LowBattery"
          ],
          "properties": {},
          "configuration": {}
        },
        {
          "uid": "maxcul:thermostat:4b5e171fc9:bbd9c65639:MEQ1450552:mode",
          "id": "mode",
          "channelTypeUID": "maxcul:mode",
          "itemType": "String",
          "kind": "STATE",
          "label": "Mode",
          "description": "Thermostat Mode Setting",
          "defaultTags": [
            "heating"
          ],
          "properties": {},
          "configuration": {}
        },
        {
          "uid": "maxcul:thermostat:4b5e171fc9:bbd9c65639:MEQ1450552:actual_temp",
          "id": "actual_temp",
          "channelTypeUID": "maxcul:actual_temp",
          "itemType": "Number:Temperature",
          "kind": "STATE",
          "label": "Current Temperature",
          "description": "Current measured room temperature",
          "defaultTags": [
            "heating"
          ],
          "properties": {},
          "configuration": {}
        },
        {
          "uid": "maxcul:thermostat:4b5e171fc9:bbd9c65639:MEQ1450552:set_temp",
          "id": "set_temp",
          "channelTypeUID": "maxcul:set_temp",
          "itemType": "Number:Temperature",
          "kind": "STATE",
          "label": "Setpoint Temperature",
          "description": "Thermostat Setpoint temperature",
          "defaultTags": [
            "heating"
          ],
          "properties": {},
          "configuration": {}
        },
        {
          "uid": "maxcul:thermostat:4b5e171fc9:bbd9c65639:MEQ1450552:locked",
          "id": "locked",
          "channelTypeUID": "maxcul:locked",
          "itemType": "Contact",
          "kind": "STATE",
          "label": "Thermostat Locked",
          "description": "Thermostat is locked for adjustments",
          "defaultTags": [],
          "properties": {},
          "configuration": {}
        }
      ],
      "label": "T_W",
      "bridgeUID": "maxcul:maxcul_bridge:4b5e171fc9:bbd9c65639",
      "configuration": {
        "action-deviceReset": -1,
        "rfAddress": "13E9B2",
        "serialNumber": "MEQ1450552"
      },
      "properties": {
        "thing_version": "1.1"
      },
      "UID": "maxcul:thermostat:4b5e171fc9:bbd9c65639:MEQ1450552",
      "thingTypeUID": "maxcul:thermostat"
    }
  },
  "maxcul:thermostat:4b5e171fc9:bbd9c65639:MEQ1452222": {
    "class": "org.openhab.core.thing.internal.ThingStorageEntity",
    "value": {
      "isBridge": false,
      "channels": [
        {
          "uid": "maxcul:thermostat:4b5e171fc9:bbd9c65639:MEQ1452222:valve",
          "id": "valve",
          "channelTypeUID": "maxcul:valve",
          "itemType": "Number",
          "kind": "STATE",
          "label": "Valve Position",
          "description": "Thermostat Valve Position",
          "defaultTags": [],
          "properties": {},
          "configuration": {},
          "autoUpdatePolicy": "DEFAULT"
        },
        {
          "uid": "maxcul:thermostat:4b5e171fc9:bbd9c65639:MEQ1452222:battery_low",
          "id": "battery_low",
          "channelTypeUID": "system:low-battery",
          "itemType": "Switch",
          "kind": "STATE",
          "label": "Low Battery",
          "description": "Low battery warning with possible values on (low battery) and off (battery ok)",
          "defaultTags": [
            "Energy",
            "LowBattery"
          ],
          "properties": {},
          "configuration": {},
          "autoUpdatePolicy": "DEFAULT"
        },
        {
          "uid": "maxcul:thermostat:4b5e171fc9:bbd9c65639:MEQ1452222:mode",
          "id": "mode",
          "channelTypeUID": "maxcul:mode",
          "itemType": "String",
          "kind": "STATE",
          "label": "Mode",
          "description": "Thermostat Mode Setting",
          "defaultTags": [
            "heating"
          ],
          "properties": {},
          "configuration": {},
          "autoUpdatePolicy": "DEFAULT"
        },
        {
          "uid": "maxcul:thermostat:4b5e171fc9:bbd9c65639:MEQ1452222:actual_temp",
          "id": "actual_temp",
          "channelTypeUID": "maxcul:actual_temp",
          "itemType": "Number:Temperature",
          "kind": "STATE",
          "label": "Current Temperature",
          "description": "Current measured room temperature",
          "defaultTags": [
            "heating"
          ],
          "properties": {},
          "configuration": {},
          "autoUpdatePolicy": "DEFAULT"
        },
        {
          "uid": "maxcul:thermostat:4b5e171fc9:bbd9c65639:MEQ1452222:set_temp",
          "id": "set_temp",
          "channelTypeUID": "maxcul:set_temp",
          "itemType": "Number:Temperature",
          "kind": "STATE",
          "label": "Setpoint Temperature",
          "description": "Thermostat Setpoint temperature",
          "defaultTags": [
            "heating"
          ],
          "properties": {},
          "configuration": {},
          "autoUpdatePolicy": "DEFAULT"
        },
        {
          "uid": "maxcul:thermostat:4b5e171fc9:bbd9c65639:MEQ1452222:locked",
          "id": "locked",
          "channelTypeUID": "maxcul:locked",
          "itemType": "Contact",
          "kind": "STATE",
          "label": "Thermostat Locked",
          "description": "Thermostat is locked for adjustments",
          "defaultTags": [],
          "properties": {},
          "configuration": {},
          "autoUpdatePolicy": "DEFAULT"
        }
      ],
      "label": "T_B1",
      "bridgeUID": "maxcul:maxcul_bridge:4b5e171fc9:bbd9c65639",
      "configuration": {
        "action-deviceReset": -1,
        "offsetTemp": 0.0,
        "rfAddress": "13EBEB",
        "serialNumber": "MEQ1452222"
      },
      "properties": {
        "thing_version": "1.1"
      },
      "UID": "maxcul:thermostat:4b5e171fc9:bbd9c65639:MEQ1452222",
      "thingTypeUID": "maxcul:thermostat"
    }
  },
  "maxcul:thermostat:4b5e171fc9:bbd9c65639:MEQ1455791": {
    "class": "org.openhab.core.thing.internal.ThingStorageEntity",
    "value": {
      "isBridge": false,
      "channels": [
        {
          "uid": "maxcul:thermostat:4b5e171fc9:bbd9c65639:MEQ1455791:valve",
          "id": "valve",
          "channelTypeUID": "maxcul:valve",
          "itemType": "Number",
          "kind": "STATE",
          "label": "Valve Position",
          "description": "Thermostat Valve Position",
          "defaultTags": [],
          "properties": {},
          "configuration": {}
        },
        {
          "uid": "maxcul:thermostat:4b5e171fc9:bbd9c65639:MEQ1455791:battery_low",
          "id": "battery_low",
          "channelTypeUID": "system:low-battery",
          "itemType": "Switch",
          "kind": "STATE",
          "label": "Low Battery",
          "description": "Low battery warning with possible values on (low battery) and off (battery ok)",
          "defaultTags": [
            "Energy",
            "LowBattery"
          ],
          "properties": {},
          "configuration": {}
        },
        {
          "uid": "maxcul:thermostat:4b5e171fc9:bbd9c65639:MEQ1455791:mode",
          "id": "mode",
          "channelTypeUID": "maxcul:mode",
          "itemType": "String",
          "kind": "STATE",
          "label": "Mode",
          "description": "Thermostat Mode Setting",
          "defaultTags": [
            "heating"
          ],
          "properties": {},
          "configuration": {}
        },
        {
          "uid": "maxcul:thermostat:4b5e171fc9:bbd9c65639:MEQ1455791:actual_temp",
          "id": "actual_temp",
          "channelTypeUID": "maxcul:actual_temp",
          "itemType": "Number:Temperature",
          "kind": "STATE",
          "label": "Current Temperature",
          "description": "Current measured room temperature",
          "defaultTags": [
            "heating"
          ],
          "properties": {},
          "configuration": {}
        },
        {
          "uid": "maxcul:thermostat:4b5e171fc9:bbd9c65639:MEQ1455791:set_temp",
          "id": "set_temp",
          "channelTypeUID": "maxcul:set_temp",
          "itemType": "Number:Temperature",
          "kind": "STATE",
          "label": "Setpoint Temperature",
          "description": "Thermostat Setpoint temperature",
          "defaultTags": [
            "heating"
          ],
          "properties": {},
          "configuration": {}
        },
        {
          "uid": "maxcul:thermostat:4b5e171fc9:bbd9c65639:MEQ1455791:locked",
          "id": "locked",
          "channelTypeUID": "maxcul:locked",
          "itemType": "Contact",
          "kind": "STATE",
          "label": "Thermostat Locked",
          "description": "Thermostat is locked for adjustments",
          "defaultTags": [],
          "properties": {},
          "configuration": {}
        }
      ],
      "label": "T_UL",
      "bridgeUID": "maxcul:maxcul_bridge:4b5e171fc9:bbd9c65639",
      "configuration": {
        "action-deviceReset": -1,
        "rfAddress": "140544",
        "serialNumber": "MEQ1455791"
      },
      "properties": {
        "thing_version": "1.1"
      },
      "UID": "maxcul:thermostat:4b5e171fc9:bbd9c65639:MEQ1455791",
      "thingTypeUID": "maxcul:thermostat"
    }
  },
  "maxcul:thermostat:4b5e171fc9:bbd9c65639:MEQ1458003": {
    "class": "org.openhab.core.thing.internal.ThingStorageEntity",
    "value": {
      "isBridge": false,
      "channels": [
        {
          "uid": "maxcul:thermostat:4b5e171fc9:bbd9c65639:MEQ1458003:valve",
          "id": "valve",
          "channelTypeUID": "maxcul:valve",
          "itemType": "Number",
          "kind": "STATE",
          "label": "Valve Position",
          "description": "Thermostat Valve Position",
          "defaultTags": [],
          "properties": {},
          "configuration": {}
        },
        {
          "uid": "maxcul:thermostat:4b5e171fc9:bbd9c65639:MEQ1458003:battery_low",
          "id": "battery_low",
          "channelTypeUID": "system:low-battery",
          "itemType": "Switch",
          "kind": "STATE",
          "label": "Low Battery",
          "description": "Low battery warning with possible values on (low battery) and off (battery ok)",
          "defaultTags": [
            "Energy",
            "LowBattery"
          ],
          "properties": {},
          "configuration": {}
        },
        {
          "uid": "maxcul:thermostat:4b5e171fc9:bbd9c65639:MEQ1458003:mode",
          "id": "mode",
          "channelTypeUID": "maxcul:mode",
          "itemType": "String",
          "kind": "STATE",
          "label": "Mode",
          "description": "Thermostat Mode Setting",
          "defaultTags": [
            "heating"
          ],
          "properties": {},
          "configuration": {}
        },
        {
          "uid": "maxcul:thermostat:4b5e171fc9:bbd9c65639:MEQ1458003:actual_temp",
          "id": "actual_temp",
          "channelTypeUID": "maxcul:actual_temp",
          "itemType": "Number:Temperature",
          "kind": "STATE",
          "label": "Current Temperature",
          "description": "Current measured room temperature",
          "defaultTags": [
            "heating"
          ],
          "properties": {},
          "configuration": {}
        },
        {
          "uid": "maxcul:thermostat:4b5e171fc9:bbd9c65639:MEQ1458003:set_temp",
          "id": "set_temp",
          "channelTypeUID": "maxcul:set_temp",
          "itemType": "Number:Temperature",
          "kind": "STATE",
          "label": "Setpoint Temperature",
          "description": "Thermostat Setpoint temperature",
          "defaultTags": [
            "heating"
          ],
          "properties": {},
          "configuration": {}
        },
        {
          "uid": "maxcul:thermostat:4b5e171fc9:bbd9c65639:MEQ1458003:locked",
          "id": "locked",
          "channelTypeUID": "maxcul:locked",
          "itemType": "Contact",
          "kind": "STATE",
          "label": "Thermostat Locked",
          "description": "Thermostat is locked for adjustments",
          "defaultTags": [],
          "properties": {},
          "configuration": {}
        }
      ],
      "label": "T_H",
      "bridgeUID": "maxcul:maxcul_bridge:4b5e171fc9:bbd9c65639",
      "configuration": {
        "action-deviceReset": -1,
        "rfAddress": "140727",
        "serialNumber": "MEQ1458003"
      },
      "properties": {
        "thing_version": "1.1"
      },
      "UID": "maxcul:thermostat:4b5e171fc9:bbd9c65639:MEQ1458003",
      "thingTypeUID": "maxcul:thermostat"
    }
  },
  "maxcul:thermostat:4b5e171fc9:bbd9c65639:OEQ1419829": {
    "class": "org.openhab.core.thing.internal.ThingStorageEntity",
    "value": {
      "isBridge": false,
      "channels": [
        {
          "uid": "maxcul:thermostat:4b5e171fc9:bbd9c65639:OEQ1419829:valve",
          "id": "valve",
          "channelTypeUID": "maxcul:valve",
          "itemType": "Number",
          "kind": "STATE",
          "label": "Valve Position",
          "description": "Thermostat Valve Position",
          "defaultTags": [],
          "properties": {},
          "configuration": {},
          "autoUpdatePolicy": "DEFAULT"
        },
        {
          "uid": "maxcul:thermostat:4b5e171fc9:bbd9c65639:OEQ1419829:battery_low",
          "id": "battery_low",
          "channelTypeUID": "system:low-battery",
          "itemType": "Switch",
          "kind": "STATE",
          "label": "Low Battery",
          "description": "Low battery warning with possible values on (low battery) and off (battery ok)",
          "defaultTags": [
            "Energy",
            "LowBattery"
          ],
          "properties": {},
          "configuration": {},
          "autoUpdatePolicy": "DEFAULT"
        },
        {
          "uid": "maxcul:thermostat:4b5e171fc9:bbd9c65639:OEQ1419829:mode",
          "id": "mode",
          "channelTypeUID": "maxcul:mode",
          "itemType": "String",
          "kind": "STATE",
          "label": "Mode",
          "description": "Thermostat Mode Setting",
          "defaultTags": [
            "heating"
          ],
          "properties": {},
          "configuration": {},
          "autoUpdatePolicy": "DEFAULT"
        },
        {
          "uid": "maxcul:thermostat:4b5e171fc9:bbd9c65639:OEQ1419829:actual_temp",
          "id": "actual_temp",
          "channelTypeUID": "maxcul:actual_temp",
          "itemType": "Number:Temperature",
          "kind": "STATE",
          "label": "Current Temperature",
          "description": "Current measured room temperature",
          "defaultTags": [
            "heating"
          ],
          "properties": {},
          "configuration": {},
          "autoUpdatePolicy": "DEFAULT"
        },
        {
          "uid": "maxcul:thermostat:4b5e171fc9:bbd9c65639:OEQ1419829:set_temp",
          "id": "set_temp",
          "channelTypeUID": "maxcul:set_temp",
          "itemType": "Number:Temperature",
          "kind": "STATE",
          "label": "Setpoint Temperature",
          "description": "Thermostat Setpoint temperature",
          "defaultTags": [
            "heating"
          ],
          "properties": {},
          "configuration": {},
          "autoUpdatePolicy": "DEFAULT"
        },
        {
          "uid": "maxcul:thermostat:4b5e171fc9:bbd9c65639:OEQ1419829:locked",
          "id": "locked",
          "channelTypeUID": "maxcul:locked",
          "itemType": "Contact",
          "kind": "STATE",
          "label": "Thermostat Locked",
          "description": "Thermostat is locked for adjustments",
          "defaultTags": [],
          "properties": {},
          "configuration": {},
          "autoUpdatePolicy": "DEFAULT"
        }
      ],
      "label": "T_B3",
      "bridgeUID": "maxcul:maxcul_bridge:4b5e171fc9:bbd9c65639",
      "configuration": {
        "action-deviceReset": -1,
        "rfAddress": "19A91C",
        "serialNumber": "OEQ1419829"
      },
      "properties": {
        "thing_version": "1.1"
      },
      "UID": "maxcul:thermostat:4b5e171fc9:bbd9c65639:OEQ1419829",
      "thingTypeUID": "maxcul:thermostat"
    }
  },
  "maxcul:thermostat:4b5e171fc9:bbd9c65639:OEQ1952222": {
    "class": "org.openhab.core.thing.internal.ThingStorageEntity",
    "value": {
      "isBridge": false,
      "channels": [
        {
          "uid": "maxcul:thermostat:4b5e171fc9:bbd9c65639:OEQ1952222:valve",
          "id": "valve",
          "channelTypeUID": "maxcul:valve",
          "itemType": "Number",
          "kind": "STATE",
          "label": "Valve Position",
          "description": "Thermostat Valve Position",
          "defaultTags": [],
          "properties": {},
          "configuration": {},
          "autoUpdatePolicy": "DEFAULT"
        },
        {
          "uid": "maxcul:thermostat:4b5e171fc9:bbd9c65639:OEQ1952222:battery_low",
          "id": "battery_low",
          "channelTypeUID": "system:low-battery",
          "itemType": "Switch",
          "kind": "STATE",
          "label": "Low Battery",
          "description": "Low battery warning with possible values on (low battery) and off (battery ok)",
          "defaultTags": [
            "Energy",
            "LowBattery"
          ],
          "properties": {},
          "configuration": {},
          "autoUpdatePolicy": "DEFAULT"
        },
        {
          "uid": "maxcul:thermostat:4b5e171fc9:bbd9c65639:OEQ1952222:mode",
          "id": "mode",
          "channelTypeUID": "maxcul:mode",
          "itemType": "String",
          "kind": "STATE",
          "label": "Mode",
          "description": "Thermostat Mode Setting",
          "defaultTags": [
            "heating"
          ],
          "properties": {},
          "configuration": {},
          "autoUpdatePolicy": "DEFAULT"
        },
        {
          "uid": "maxcul:thermostat:4b5e171fc9:bbd9c65639:OEQ1952222:actual_temp",
          "id": "actual_temp",
          "channelTypeUID": "maxcul:actual_temp",
          "itemType": "Number:Temperature",
          "kind": "STATE",
          "label": "Current Temperature",
          "description": "Current measured room temperature",
          "defaultTags": [
            "heating"
          ],
          "properties": {},
          "configuration": {},
          "autoUpdatePolicy": "DEFAULT"
        },
        {
          "uid": "maxcul:thermostat:4b5e171fc9:bbd9c65639:OEQ1952222:set_temp",
          "id": "set_temp",
          "channelTypeUID": "maxcul:set_temp",
          "itemType": "Number:Temperature",
          "kind": "STATE",
          "label": "Setpoint Temperature",
          "description": "Thermostat Setpoint temperature",
          "defaultTags": [
            "heating"
          ],
          "properties": {},
          "configuration": {},
          "autoUpdatePolicy": "DEFAULT"
        },
        {
          "uid": "maxcul:thermostat:4b5e171fc9:bbd9c65639:OEQ1952222:locked",
          "id": "locked",
          "channelTypeUID": "maxcul:locked",
          "itemType": "Contact",
          "kind": "STATE",
          "label": "Thermostat Locked",
          "description": "Thermostat is locked for adjustments",
          "defaultTags": [],
          "properties": {},
          "configuration": {},
          "autoUpdatePolicy": "DEFAULT"
        }
      ],
      "label": "T_LF",
      "bridgeUID": "maxcul:maxcul_bridge:4b5e171fc9:bbd9c65639",
      "configuration": {
        "action-deviceReset": -1,
        "rfAddress": "1AB443",
        "serialNumber": "OEQ1952222"
      },
      "properties": {
        "thing_version": "1.1"
      },
      "UID": "maxcul:thermostat:4b5e171fc9:bbd9c65639:OEQ1952222",
      "thingTypeUID": "maxcul:thermostat"
    }
  },
  "maxcul:thermostat:4b5e171fc9:bbd9c65639:OEQ1952225": {
    "class": "org.openhab.core.thing.internal.ThingStorageEntity",
    "value": {
      "isBridge": false,
      "channels": [
        {
          "uid": "maxcul:thermostat:4b5e171fc9:bbd9c65639:OEQ1952225:valve",
          "id": "valve",
          "channelTypeUID": "maxcul:valve",
          "itemType": "Number",
          "kind": "STATE",
          "label": "Valve Position",
          "description": "Thermostat Valve Position",
          "defaultTags": [],
          "properties": {},
          "configuration": {},
          "autoUpdatePolicy": "DEFAULT"
        },
        {
          "uid": "maxcul:thermostat:4b5e171fc9:bbd9c65639:OEQ1952225:battery_low",
          "id": "battery_low",
          "channelTypeUID": "system:low-battery",
          "itemType": "Switch",
          "kind": "STATE",
          "label": "Low Battery",
          "description": "Low battery warning with possible values on (low battery) and off (battery ok)",
          "defaultTags": [
            "Energy",
            "LowBattery"
          ],
          "properties": {},
          "configuration": {},
          "autoUpdatePolicy": "DEFAULT"
        },
        {
          "uid": "maxcul:thermostat:4b5e171fc9:bbd9c65639:OEQ1952225:mode",
          "id": "mode",
          "channelTypeUID": "maxcul:mode",
          "itemType": "String",
          "kind": "STATE",
          "label": "Mode",
          "description": "Thermostat Mode Setting",
          "defaultTags": [
            "heating"
          ],
          "properties": {},
          "configuration": {},
          "autoUpdatePolicy": "DEFAULT"
        },
        {
          "uid": "maxcul:thermostat:4b5e171fc9:bbd9c65639:OEQ1952225:actual_temp",
          "id": "actual_temp",
          "channelTypeUID": "maxcul:actual_temp",
          "itemType": "Number:Temperature",
          "kind": "STATE",
          "label": "Current Temperature",
          "description": "Current measured room temperature",
          "defaultTags": [
            "heating"
          ],
          "properties": {},
          "configuration": {},
          "autoUpdatePolicy": "DEFAULT"
        },
        {
          "uid": "maxcul:thermostat:4b5e171fc9:bbd9c65639:OEQ1952225:set_temp",
          "id": "set_temp",
          "channelTypeUID": "maxcul:set_temp",
          "itemType": "Number:Temperature",
          "kind": "STATE",
          "label": "Setpoint Temperature",
          "description": "Thermostat Setpoint temperature",
          "defaultTags": [
            "heating"
          ],
          "properties": {},
          "configuration": {},
          "autoUpdatePolicy": "DEFAULT"
        },
        {
          "uid": "maxcul:thermostat:4b5e171fc9:bbd9c65639:OEQ1952225:locked",
          "id": "locked",
          "channelTypeUID": "maxcul:locked",
          "itemType": "Contact",
          "kind": "STATE",
          "label": "Thermostat Locked",
          "description": "Thermostat is locked for adjustments",
          "defaultTags": [],
          "properties": {},
          "configuration": {},
          "autoUpdatePolicy": "DEFAULT"
        }
      ],
      "label": "T_K",
      "bridgeUID": "maxcul:maxcul_bridge:4b5e171fc9:bbd9c65639",
      "configuration": {
        "action-deviceReset": -1,
        "rfAddress": "1AB440",
        "serialNumber": "OEQ1952225"
      },
      "properties": {
        "thing_version": "1.1"
      },
      "UID": "maxcul:thermostat:4b5e171fc9:bbd9c65639:OEQ1952225",
      "thingTypeUID": "maxcul:thermostat"
    }
  },
  "maxcul:thermostat:4b5e171fc9:bbd9c65639:OEQ1952299": {
    "class": "org.openhab.core.thing.internal.ThingStorageEntity",
    "value": {
      "isBridge": false,
      "channels": [
        {
          "uid": "maxcul:thermostat:4b5e171fc9:bbd9c65639:OEQ1952299:valve",
          "id": "valve",
          "channelTypeUID": "maxcul:valve",
          "itemType": "Number",
          "kind": "STATE",
          "label": "Valve Position",
          "description": "Thermostat Valve Position",
          "defaultTags": [],
          "properties": {},
          "configuration": {}
        },
        {
          "uid": "maxcul:thermostat:4b5e171fc9:bbd9c65639:OEQ1952299:battery_low",
          "id": "battery_low",
          "channelTypeUID": "system:low-battery",
          "itemType": "Switch",
          "kind": "STATE",
          "label": "Low Battery",
          "description": "Low battery warning with possible values on (low battery) and off (battery ok)",
          "defaultTags": [
            "Energy",
            "LowBattery"
          ],
          "properties": {},
          "configuration": {}
        },
        {
          "uid": "maxcul:thermostat:4b5e171fc9:bbd9c65639:OEQ1952299:mode",
          "id": "mode",
          "channelTypeUID": "maxcul:mode",
          "itemType": "String",
          "kind": "STATE",
          "label": "Mode",
          "description": "Thermostat Mode Setting",
          "defaultTags": [
            "heating"
          ],
          "properties": {},
          "configuration": {}
        },
        {
          "uid": "maxcul:thermostat:4b5e171fc9:bbd9c65639:OEQ1952299:actual_temp",
          "id": "actual_temp",
          "channelTypeUID": "maxcul:actual_temp",
          "itemType": "Number:Temperature",
          "kind": "STATE",
          "label": "Current Temperature",
          "description": "Current measured room temperature",
          "defaultTags": [
            "heating"
          ],
          "properties": {},
          "configuration": {}
        },
        {
          "uid": "maxcul:thermostat:4b5e171fc9:bbd9c65639:OEQ1952299:set_temp",
          "id": "set_temp",
          "channelTypeUID": "maxcul:set_temp",
          "itemType": "Number:Temperature",
          "kind": "STATE",
          "label": "Setpoint Temperature",
          "description": "Thermostat Setpoint temperature",
          "defaultTags": [
            "heating"
          ],
          "properties": {},
          "configuration": {}
        },
        {
          "uid": "maxcul:thermostat:4b5e171fc9:bbd9c65639:OEQ1952299:locked",
          "id": "locked",
          "channelTypeUID": "maxcul:locked",
          "itemType": "Contact",
          "kind": "STATE",
          "label": "Thermostat Locked",
          "description": "Thermostat is locked for adjustments",
          "defaultTags": [],
          "properties": {},
          "configuration": {}
        }
      ],
      "label": "T_LR",
      "bridgeUID": "maxcul:maxcul_bridge:4b5e171fc9:bbd9c65639",
      "configuration": {
        "action-deviceReset": -1,
        "rfAddress": "1AB3ED",
        "serialNumber": "OEQ1952299"
      },
      "properties": {
        "thing_version": "1.1"
      },
      "UID": "maxcul:thermostat:4b5e171fc9:bbd9c65639:OEQ1952299",
      "thingTypeUID": "maxcul:thermostat"
    }
  },
  "systeminfo:computer:2512fadaf1": {
    "class": "org.openhab.core.thing.internal.ThingStorageEntity",
    "value": {
      "isBridge": false,
      "channels": [
        {
          "uid": "systeminfo:computer:2512fadaf1:memory#total",
          "id": "memory#total",
          "channelTypeUID": "systeminfo:total",
          "itemType": "Number",
          "kind": "STATE",
          "label": "Total",
          "description": "Total size in MB",
          "defaultTags": [],
          "properties": {},
          "configuration": {
            "priority": "Low"
          },
          "autoUpdatePolicy": "DEFAULT"
        },
        {
          "uid": "systeminfo:computer:2512fadaf1:memory#available",
          "id": "memory#available",
          "channelTypeUID": "systeminfo:available",
          "itemType": "Number",
          "kind": "STATE",
          "label": "Available",
          "description": "Available size in MB",
          "defaultTags": [],
          "properties": {},
          "configuration": {
            "priority": "High"
          },
          "autoUpdatePolicy": "DEFAULT"
        },
        {
          "uid": "systeminfo:computer:2512fadaf1:memory#used",
          "id": "memory#used",
          "channelTypeUID": "systeminfo:used",
          "itemType": "Number",
          "kind": "STATE",
          "label": "Used",
          "description": "Used size in MB",
          "defaultTags": [],
          "properties": {},
          "configuration": {
            "priority": "High"
          },
          "autoUpdatePolicy": "DEFAULT"
        },
        {
          "uid": "systeminfo:computer:2512fadaf1:memory#availablePercent",
          "id": "memory#availablePercent",
          "channelTypeUID": "systeminfo:availablePercent",
          "itemType": "Number",
          "kind": "STATE",
          "label": "Available (%)",
          "description": "Available size in percent",
          "defaultTags": [],
          "properties": {},
          "configuration": {
            "priority": "High"
          },
          "autoUpdatePolicy": "DEFAULT"
        },
        {
          "uid": "systeminfo:computer:2512fadaf1:memory#usedPercent",
          "id": "memory#usedPercent",
          "channelTypeUID": "systeminfo:usedPercent",
          "itemType": "Number",
          "kind": "STATE",
          "label": "Used (%)",
          "description": "Used size in percent",
          "defaultTags": [],
          "properties": {},
          "configuration": {
            "priority": "High"
          },
          "autoUpdatePolicy": "DEFAULT"
        },
        {
          "uid": "systeminfo:computer:2512fadaf1:memory#availableHeap",
          "id": "memory#availableHeap",
          "channelTypeUID": "systeminfo:availableHeap",
          "itemType": "Number:DataAmount",
          "kind": "STATE",
          "label": "Available Heap",
          "description": "How much data is available in the Java heap.",
          "defaultTags": [],
          "properties": {},
          "configuration": {
            "priority": "Medium"
          },
          "autoUpdatePolicy": "DEFAULT"
        },
        {
          "uid": "systeminfo:computer:2512fadaf1:memory#usedHeapPercent",
          "id": "memory#usedHeapPercent",
          "channelTypeUID": "systeminfo:usedHeapPercent",
          "itemType": "Number:Dimensionless",
          "kind": "STATE",
          "label": "Used Heap Percent",
          "description": "How much data in percent has been used from the max size the Java heap can grow to.",
          "defaultTags": [],
          "properties": {},
          "configuration": {
            "priority": "Medium"
          },
          "autoUpdatePolicy": "DEFAULT"
        },
        {
          "uid": "systeminfo:computer:2512fadaf1:storage#total",
          "id": "storage#total",
          "channelTypeUID": "systeminfo:total",
          "itemType": "Number",
          "kind": "STATE",
          "label": "Total",
          "description": "Total size in MB",
          "defaultTags": [],
          "properties": {},
          "configuration": {
            "priority": "Low"
          },
          "autoUpdatePolicy": "DEFAULT"
        },
        {
          "uid": "systeminfo:computer:2512fadaf1:storage#available",
          "id": "storage#available",
          "channelTypeUID": "systeminfo:available",
          "itemType": "Number",
          "kind": "STATE",
          "label": "Available",
          "description": "Available size in MB",
          "defaultTags": [],
          "properties": {},
          "configuration": {
            "priority": "High"
          },
          "autoUpdatePolicy": "DEFAULT"
        },
        {
          "uid": "systeminfo:computer:2512fadaf1:storage#used",
          "id": "storage#used",
          "channelTypeUID": "systeminfo:used",
          "itemType": "Number",
          "kind": "STATE",
          "label": "Used",
          "description": "Used size in MB",
          "defaultTags": [],
          "properties": {},
          "configuration": {
            "priority": "High"
          },
          "autoUpdatePolicy": "DEFAULT"
        },
        {
          "uid": "systeminfo:computer:2512fadaf1:storage#availablePercent",
          "id": "storage#availablePercent",
          "channelTypeUID": "systeminfo:availablePercent",
          "itemType": "Number",
          "kind": "STATE",
          "label": "Available (%)",
          "description": "Available size in percent",
          "defaultTags": [],
          "properties": {},
          "configuration": {
            "priority": "High"
          },
          "autoUpdatePolicy": "DEFAULT"
        },
        {
          "uid": "systeminfo:computer:2512fadaf1:storage#usedPercent",
          "id": "storage#usedPercent",
          "channelTypeUID": "systeminfo:usedPercent",
          "itemType": "Number",
          "kind": "STATE",
          "label": "Used (%)",
          "description": "Used size in percent",
          "defaultTags": [],
          "properties": {},
          "configuration": {
            "priority": "High"
          },
          "autoUpdatePolicy": "DEFAULT"
        },
        {
          "uid": "systeminfo:computer:2512fadaf1:storage#name",
          "id": "storage#name",
          "channelTypeUID": "systeminfo:name",
          "itemType": "String",
          "kind": "STATE",
          "label": "Name",
          "description": "Name of the device (process)",
          "defaultTags": [],
          "properties": {},
          "configuration": {
            "priority": "Low"
          },
          "autoUpdatePolicy": "DEFAULT"
        },
        {
          "uid": "systeminfo:computer:2512fadaf1:storage#description",
          "id": "storage#description",
          "channelTypeUID": "systeminfo:description",
          "itemType": "String",
          "kind": "STATE",
          "label": "Description",
          "description": "Description of the device",
          "defaultTags": [],
          "properties": {},
          "configuration": {
            "priority": "Low"
          },
          "autoUpdatePolicy": "DEFAULT"
        },
        {
          "uid": "systeminfo:computer:2512fadaf1:storage#type",
          "id": "storage#type",
          "channelTypeUID": "systeminfo:type",
          "itemType": "String",
          "kind": "STATE",
          "label": "Type",
          "description": "Storage type",
          "defaultTags": [],
          "properties": {},
          "configuration": {
            "priority": "Low"
          },
          "autoUpdatePolicy": "DEFAULT"
        },
        {
          "uid": "systeminfo:computer:2512fadaf1:sensors#cpuTemp",
          "id": "sensors#cpuTemp",
          "channelTypeUID": "systeminfo:cpuTemp",
          "itemType": "Number",
          "kind": "STATE",
          "label": "CPU Temperature",
          "description": "CPU Temperature in Celsius degrees",
          "defaultTags": [],
          "properties": {},
          "configuration": {
            "priority": "High"
          },
          "autoUpdatePolicy": "DEFAULT"
        },
        {
          "uid": "systeminfo:computer:2512fadaf1:sensors#cpuVoltage",
          "id": "sensors#cpuVoltage",
          "channelTypeUID": "systeminfo:cpuVoltage",
          "itemType": "Number",
          "kind": "STATE",
          "label": "CPU Voltage",
          "description": "CPU Voltage in V",
          "defaultTags": [],
          "properties": {},
          "configuration": {
            "priority": "Medium"
          },
          "autoUpdatePolicy": "DEFAULT"
        },
        {
          "uid": "systeminfo:computer:2512fadaf1:sensors#fanSpeed",
          "id": "sensors#fanSpeed",
          "channelTypeUID": "systeminfo:fanSpeed",
          "itemType": "Number",
          "kind": "STATE",
          "label": "Fan Speed",
          "description": "Fan speed in rpm",
          "defaultTags": [],
          "properties": {},
          "configuration": {
            "priority": "Medium"
          },
          "autoUpdatePolicy": "DEFAULT"
        },
        {
          "uid": "systeminfo:computer:2512fadaf1:cpu#name",
          "id": "cpu#name",
          "channelTypeUID": "systeminfo:name",
          "itemType": "String",
          "kind": "STATE",
          "label": "Name",
          "description": "Name of the device (process)",
          "defaultTags": [],
          "properties": {},
          "configuration": {
            "priority": "Low"
          },
          "autoUpdatePolicy": "DEFAULT"
        },
        {
          "uid": "systeminfo:computer:2512fadaf1:cpu#description",
          "id": "cpu#description",
          "channelTypeUID": "systeminfo:description",
          "itemType": "String",
          "kind": "STATE",
          "label": "Description",
          "description": "Description of the device",
          "defaultTags": [],
          "properties": {},
          "configuration": {
            "priority": "Low"
          },
          "autoUpdatePolicy": "DEFAULT"
        },
        {
          "uid": "systeminfo:computer:2512fadaf1:cpu#load1",
          "id": "cpu#load1",
          "channelTypeUID": "systeminfo:loadAverage",
          "itemType": "Number",
          "kind": "STATE",
          "label": "Load Average",
          "description": "Load as a number of processes for the last 1,5 or 15 minutes",
          "defaultTags": [],
          "properties": {},
          "configuration": {
            "priority": "Medium"
          },
          "autoUpdatePolicy": "DEFAULT"
        },
        {
          "uid": "systeminfo:computer:2512fadaf1:cpu#load5",
          "id": "cpu#load5",
          "channelTypeUID": "systeminfo:loadAverage",
          "itemType": "Number",
          "kind": "STATE",
          "label": "Load Average",
          "description": "Load as a number of processes for the last 1,5 or 15 minutes",
          "defaultTags": [],
          "properties": {},
          "configuration": {
            "priority": "Medium"
          },
          "autoUpdatePolicy": "DEFAULT"
        },
        {
          "uid": "systeminfo:computer:2512fadaf1:cpu#load15",
          "id": "cpu#load15",
          "channelTypeUID": "systeminfo:loadAverage",
          "itemType": "Number",
          "kind": "STATE",
          "label": "Load Average",
          "description": "Load as a number of processes for the last 1,5 or 15 minutes",
          "defaultTags": [],
          "properties": {},
          "configuration": {
            "priority": "Medium"
          },
          "autoUpdatePolicy": "DEFAULT"
        },
        {
          "uid": "systeminfo:computer:2512fadaf1:cpu#uptime",
          "id": "cpu#uptime",
          "channelTypeUID": "systeminfo:uptime",
          "itemType": "Number",
          "kind": "STATE",
          "label": "System Uptime",
          "description": "System uptime (time after start) in minutes",
          "defaultTags": [],
          "properties": {},
          "configuration": {
            "priority": "Medium"
          },
          "autoUpdatePolicy": "DEFAULT"
        },
        {
          "uid": "systeminfo:computer:2512fadaf1:cpu#threads",
          "id": "cpu#threads",
          "channelTypeUID": "systeminfo:threads",
          "itemType": "Number",
          "kind": "STATE",
          "label": "Number of Threads",
          "description": "Number of threads currently running",
          "defaultTags": [],
          "properties": {},
          "configuration": {
            "priority": "Medium"
          },
          "autoUpdatePolicy": "DEFAULT"
        },
        {
          "uid": "systeminfo:computer:2512fadaf1:process#load",
          "id": "process#load",
          "channelTypeUID": "systeminfo:load_process",
          "itemType": "Number",
          "kind": "STATE",
          "label": "Load",
          "description": "Load in percent",
          "defaultTags": [],
          "properties": {},
          "configuration": {
            "pid": 0,
            "priority": "High"
          },
          "autoUpdatePolicy": "DEFAULT"
        },
        {
          "uid": "systeminfo:computer:2512fadaf1:process#used",
          "id": "process#used",
          "channelTypeUID": "systeminfo:used_process",
          "itemType": "Number",
          "kind": "STATE",
          "label": "Used",
          "description": "Used size in MB",
          "defaultTags": [],
          "properties": {},
          "configuration": {
            "pid": 0,
            "priority": "High"
          },
          "autoUpdatePolicy": "DEFAULT"
        },
        {
          "uid": "systeminfo:computer:2512fadaf1:process#name",
          "id": "process#name",
          "channelTypeUID": "systeminfo:name_process",
          "itemType": "String",
          "kind": "STATE",
          "label": "Name",
          "description": "Name of the device (process)",
          "defaultTags": [],
          "properties": {},
          "configuration": {
            "pid": 0,
            "priority": "Low"
          },
          "autoUpdatePolicy": "DEFAULT"
        },
        {
          "uid": "systeminfo:computer:2512fadaf1:process#threads",
          "id": "process#threads",
          "channelTypeUID": "systeminfo:threads_process",
          "itemType": "Number",
          "kind": "STATE",
          "label": "Number of Threads",
          "description": "Number of threads currently running",
          "defaultTags": [],
          "properties": {},
          "configuration": {
            "pid": 0,
            "priority": "Medium"
          },
          "autoUpdatePolicy": "DEFAULT"
        },
        {
          "uid": "systeminfo:computer:2512fadaf1:process#path",
          "id": "process#path",
          "channelTypeUID": "systeminfo:path_process",
          "itemType": "String",
          "kind": "STATE",
          "label": "Path",
          "description": "The full path",
          "defaultTags": [],
          "properties": {},
          "configuration": {
            "pid": 0,
            "priority": "Low"
          },
          "autoUpdatePolicy": "DEFAULT"
        },
        {
          "uid": "systeminfo:computer:2512fadaf1:drive#name",
          "id": "drive#name",
          "channelTypeUID": "systeminfo:name",
          "itemType": "String",
          "kind": "STATE",
          "label": "Name",
          "description": "Name of the device (process)",
          "defaultTags": [],
          "properties": {},
          "configuration": {
            "priority": "Low"
          },
          "autoUpdatePolicy": "DEFAULT"
        },
        {
          "uid": "systeminfo:computer:2512fadaf1:drive#model",
          "id": "drive#model",
          "channelTypeUID": "systeminfo:model",
          "itemType": "String",
          "kind": "STATE",
          "label": "Model",
          "description": "The model of the device",
          "defaultTags": [],
          "properties": {},
          "configuration": {
            "priority": "Low"
          },
          "autoUpdatePolicy": "DEFAULT"
        },
        {
          "uid": "systeminfo:computer:2512fadaf1:drive#serial",
          "id": "drive#serial",
          "channelTypeUID": "systeminfo:serial",
          "itemType": "String",
          "kind": "STATE",
          "label": "Serial Number",
          "description": "The serial number of the device",
          "defaultTags": [],
          "properties": {},
          "configuration": {
            "priority": "Low"
          },
          "autoUpdatePolicy": "DEFAULT"
        },
        {
          "uid": "systeminfo:computer:2512fadaf1:swap#total",
          "id": "swap#total",
          "channelTypeUID": "systeminfo:total",
          "itemType": "Number",
          "kind": "STATE",
          "label": "Total",
          "description": "Total size in MB",
          "defaultTags": [],
          "properties": {},
          "configuration": {
            "priority": "Low"
          },
          "autoUpdatePolicy": "DEFAULT"
        },
        {
          "uid": "systeminfo:computer:2512fadaf1:swap#available",
          "id": "swap#available",
          "channelTypeUID": "systeminfo:available",
          "itemType": "Number",
          "kind": "STATE",
          "label": "Available",
          "description": "Available size in MB",
          "defaultTags": [],
          "properties": {},
          "configuration": {
            "priority": "High"
          },
          "autoUpdatePolicy": "DEFAULT"
        },
        {
          "uid": "systeminfo:computer:2512fadaf1:swap#used",
          "id": "swap#used",
          "channelTypeUID": "systeminfo:used",
          "itemType": "Number",
          "kind": "STATE",
          "label": "Used",
          "description": "Used size in MB",
          "defaultTags": [],
          "properties": {},
          "configuration": {
            "priority": "High"
          },
          "autoUpdatePolicy": "DEFAULT"
        },
        {
          "uid": "systeminfo:computer:2512fadaf1:swap#availablePercent",
          "id": "swap#availablePercent",
          "channelTypeUID": "systeminfo:availablePercent",
          "itemType": "Number",
          "kind": "STATE",
          "label": "Available (%)",
          "description": "Available size in percent",
          "defaultTags": [],
          "properties": {},
          "configuration": {
            "priority": "High"
          },
          "autoUpdatePolicy": "DEFAULT"
        },
        {
          "uid": "systeminfo:computer:2512fadaf1:swap#usedPercent",
          "id": "swap#usedPercent",
          "channelTypeUID": "systeminfo:usedPercent",
          "itemType": "Number",
          "kind": "STATE",
          "label": "Used (%)",
          "description": "Used size in percent",
          "defaultTags": [],
          "properties": {},
          "configuration": {
            "priority": "High"
          },
          "autoUpdatePolicy": "DEFAULT"
        },
        {
          "uid": "systeminfo:computer:2512fadaf1:display#information",
          "id": "display#information",
          "channelTypeUID": "systeminfo:information",
          "itemType": "String",
          "kind": "STATE",
          "label": "Display Information",
          "description": "Product, manufacturer, SN, width and height of the display in cm",
          "defaultTags": [],
          "properties": {},
          "configuration": {
            "priority": "Low"
          },
          "autoUpdatePolicy": "DEFAULT"
        },
        {
          "uid": "systeminfo:computer:2512fadaf1:battery#name",
          "id": "battery#name",
          "channelTypeUID": "systeminfo:name",
          "itemType": "String",
          "kind": "STATE",
          "label": "Name",
          "description": "Name of the device (process)",
          "defaultTags": [],
          "properties": {},
          "configuration": {
            "priority": "Low"
          },
          "autoUpdatePolicy": "DEFAULT"
        },
        {
          "uid": "systeminfo:computer:2512fadaf1:battery#remainingCapacity",
          "id": "battery#remainingCapacity",
          "channelTypeUID": "systeminfo:remainingCapacity",
          "itemType": "Number",
          "kind": "STATE",
          "label": "Remaining Capacity",
          "description": "Remaining capacity in percent",
          "defaultTags": [],
          "properties": {},
          "configuration": {
            "priority": "Medium"
          },
          "autoUpdatePolicy": "DEFAULT"
        },
        {
          "uid": "systeminfo:computer:2512fadaf1:battery#remainingTime",
          "id": "battery#remainingTime",
          "channelTypeUID": "systeminfo:remainingTime",
          "itemType": "Number",
          "kind": "STATE",
          "label": "Remaining Time",
          "description": "Remaining time in minutes",
          "defaultTags": [],
          "properties": {},
          "configuration": {
            "priority": "Medium"
          },
          "autoUpdatePolicy": "DEFAULT"
        },
        {
          "uid": "systeminfo:computer:2512fadaf1:network#ip",
          "id": "network#ip",
          "channelTypeUID": "systeminfo:ip",
          "itemType": "String",
          "kind": "STATE",
          "label": "IP Address",
          "description": "Host IP address of the network",
          "defaultTags": [],
          "properties": {},
          "configuration": {
            "priority": "Low"
          },
          "autoUpdatePolicy": "DEFAULT"
        },
        {
          "uid": "systeminfo:computer:2512fadaf1:network#networkName",
          "id": "network#networkName",
          "channelTypeUID": "systeminfo:networkName",
          "itemType": "String",
          "kind": "STATE",
          "label": "Network Name",
          "description": "The name of the network.",
          "defaultTags": [],
          "properties": {},
          "configuration": {
            "priority": "Low"
          },
          "autoUpdatePolicy": "DEFAULT"
        },
        {
          "uid": "systeminfo:computer:2512fadaf1:network#networkDisplayName",
          "id": "network#networkDisplayName",
          "channelTypeUID": "systeminfo:networkDisplayName",
          "itemType": "String",
          "kind": "STATE",
          "label": "Network Display Name",
          "description": "The display name of the network",
          "defaultTags": [],
          "properties": {},
          "configuration": {
            "priority": "Low"
          },
          "autoUpdatePolicy": "DEFAULT"
        },
        {
          "uid": "systeminfo:computer:2512fadaf1:network#dataSent",
          "id": "network#dataSent",
          "channelTypeUID": "systeminfo:dataSent",
          "itemType": "Number",
          "kind": "STATE",
          "label": "Data Sent",
          "description": "Data sent in MB",
          "defaultTags": [],
          "properties": {},
          "configuration": {
            "priority": "Medium"
          },
          "autoUpdatePolicy": "DEFAULT"
        },
        {
          "uid": "systeminfo:computer:2512fadaf1:network#dataReceived",
          "id": "network#dataReceived",
          "channelTypeUID": "systeminfo:dataReceived",
          "itemType": "Number",
          "kind": "STATE",
          "label": "Data Received",
          "description": "Data received in MB",
          "defaultTags": [],
          "properties": {},
          "configuration": {
            "priority": "Medium"
          },
          "autoUpdatePolicy": "DEFAULT"
        },
        {
          "uid": "systeminfo:computer:2512fadaf1:network#packetsSent",
          "id": "network#packetsSent",
          "channelTypeUID": "systeminfo:packetsSent",
          "itemType": "Number",
          "kind": "STATE",
          "label": "Packets Sent",
          "description": "Number of packets sent",
          "defaultTags": [],
          "properties": {},
          "configuration": {
            "priority": "Medium"
          },
          "autoUpdatePolicy": "DEFAULT"
        },
        {
          "uid": "systeminfo:computer:2512fadaf1:network#packetsReceived",
          "id": "network#packetsReceived",
          "channelTypeUID": "systeminfo:packetsReceived",
          "itemType": "Number",
          "kind": "STATE",
          "label": "Packets Received",
          "description": "Number of packets received",
          "defaultTags": [],
          "properties": {},
          "configuration": {
            "priority": "Medium"
          },
          "autoUpdatePolicy": "DEFAULT"
        },
        {
          "uid": "systeminfo:computer:2512fadaf1:network#mac",
          "id": "network#mac",
          "channelTypeUID": "systeminfo:mac",
          "itemType": "String",
          "kind": "STATE",
          "label": "Mac Address",
          "description": "Mac address of the network",
          "defaultTags": [],
          "properties": {},
          "configuration": {
            "priority": "Low"
          },
          "autoUpdatePolicy": "DEFAULT"
        }
      ],
      "label": "Systeminfo",
      "configuration": {
        "interval_high": 1,
        "interval_medium": 60
      },
      "properties": {
        "CPU Logical Cores": "4",
        "CPU Physical Cores": "1",
        "OS Family": "Raspbian GNU/Linux",
        "OS Manufacturer": "GNU/Linux",
        "OS Version": "11 (bullseye) build 5.15.61-v7+"
      },
      "UID": "systeminfo:computer:2512fadaf1",
      "thingTypeUID": "systeminfo:computer"
    }
  }
}