{
  "openweathermap:air-pollution:0ad09b4612:local": {
    "class": "org.openhab.core.config.discovery.internal.DiscoveryResultImpl",
    "value": {
      "bridgeUID": {
        "segments": [
          "openweathermap",
          "weather-api",
          "0ad09b4612"
        ],
        "uid": "openweathermap:weather-api:0ad09b4612"
      },
      "thingUID": {
        "segments": [
          "openweathermap",
          "air-pollution",
          "0ad09b4612",
          "local"
        ],
        "uid": "openweathermap:air-pollution:0ad09b4612:local"
      },
      "thingTypeUID": {
        "segments": [
          "openweathermap",
          "air-pollution"
        ],
        "uid": ""
      },
      "properties": {
        "location": "52.214809279585864,-0.06280016859818716"
      },
      "representationProperty": "location",
      "flag": "IGNORED",
      "label": "Local Air Pollution",
      "timestamp": 1667168999888,
      "timeToLive": -1
    }
  },
  "openweathermap:onecall-history:0ad09b4612:local": {
    "class": "org.openhab.core.config.discovery.internal.DiscoveryResultImpl",
    "value": {
      "bridgeUID": {
        "segments": [
          "openweathermap",
          "weather-api",
          "0ad09b4612"
        ],
        "uid": "openweathermap:weather-api:0ad09b4612"
      },
      "thingUID": {
        "segments": [
          "openweathermap",
          "onecall-history",
          "0ad09b4612",
          "local"
        ],
        "uid": "openweathermap:onecall-history:0ad09b4612:local"
      },
      "thingTypeUID": {
        "segments": [
          "openweathermap",
          "onecall-history"
        ],
        "uid": ""
      },
      "properties": {
        "location": "52.214809279585864,-0.06280016859818716"
      },
      "representationProperty": "location",
      "flag": "IGNORED",
      "label": "Local History Data (One Call API)",
      "timestamp": 1667169000134,
      "timeToLive": -1
    }
  },
  "openweathermap:weather-and-forecast:0ad09b4612:local": {
    "class": "org.openhab.core.config.discovery.internal.DiscoveryResultImpl",
    "value": {
      "bridgeUID": {
        "segments": [
          "openweathermap",
          "weather-api",
          "0ad09b4612"
        ],
        "uid": "openweathermap:weather-api:0ad09b4612"
      },
      "thingUID": {
        "segments": [
          "openweathermap",
          "weather-and-forecast",
          "0ad09b4612",
          "local"
        ],
        "uid": "openweathermap:weather-and-forecast:0ad09b4612:local"
      },
      "thingTypeUID": {
        "segments": [
          "openweathermap",
          "weather-and-forecast"
        ],
        "uid": ""
      },
      "properties": {
        "location": "52.214809279585864,-0.06280016859818716"
      },
      "representationProperty": "location",
      "flag": "NEW",
      "label": "Local Weather and Forecast",
      "timestamp": 1667168999725,
      "timeToLive": -1
    }
  }
}