{
  "CHRelay_T1": {
    "class": "org.openhab.core.items.ManagedItemProvider$PersistedItem",
    "value": {
      "groupNames": [],
      "itemType": "Number",
      "tags": [
        "Point"
      ],
      "label": "T1",
      "category": ""
    }
  },
  "CHRelay_T2": {
    "class": "org.openhab.core.items.ManagedItemProvider$PersistedItem",
    "value": {
      "groupNames": [],
      "itemType": "Number",
      "tags": [
        "Point"
      ],
      "label": "T2",
      "category": ""
    }
  },
  "CHRelay_T3": {
    "class": "org.openhab.core.items.ManagedItemProvider$PersistedItem",
    "value": {
      "groupNames": [],
      "itemType": "Number",
      "tags": [
        "Point"
      ],
      "label": "T3",
      "category": ""
    }
  },
  "CHRelay_T4": {
    "class": "org.openhab.core.items.ManagedItemProvider$PersistedItem",
    "value": {
      "groupNames": [],
      "itemType": "Number",
      "tags": [
        "Point"
      ],
      "label": "T4",
      "category": ""
    }
  },
  "CHRelay_T5": {
    "class": "org.openhab.core.items.ManagedItemProvider$PersistedItem",
    "value": {
      "groupNames": [],
      "itemType": "Number",
      "tags": [
        "Point"
      ],
      "label": "T5",
      "category": ""
    }
  },
  "ET": {
    "class": "org.openhab.core.items.ManagedItemProvider$PersistedItem",
    "value": {
      "groupNames": [],
      "itemType": "Number:Temperature",
      "tags": [
        "Measurement",
        "Temperature"
      ],
      "label": "ET",
      "category": "Temperature"
    }
  },
  "MAXBridge_Listen": {
    "class": "org.openhab.core.items.ManagedItemProvider$PersistedItem",
    "value": {
      "groupNames": [],
      "itemType": "Switch",
      "tags": [
        "Point",
        "Switchable"
      ],
      "label": "On/Off",
      "category": "Switch"
    }
  },
  "MAXBridge_Pair": {
    "class": "org.openhab.core.items.ManagedItemProvider$PersistedItem",
    "value": {
      "groupNames": [],
      "itemType": "Switch",
      "tags": [
        "Point",
        "Switchable"
      ],
      "label": "On/Off",
      "category": "Switch"
    }
  },
  "P_FF": {
    "class": "org.openhab.core.items.ManagedItemProvider$PersistedItem",
    "value": {
      "groupNames": [],
      "itemType": "Switch",
      "tags": [
        "Point"
      ],
      "label": "P_FF",
      "category": ""
    }
  },
  "P_GF": {
    "class": "org.openhab.core.items.ManagedItemProvider$PersistedItem",
    "value": {
      "groupNames": [],
      "itemType": "Switch",
      "tags": [
        "Point"
      ],
      "label": "P_GF",
      "category": ""
    }
  },
  "Systeminfo_Load": {
    "class": "org.openhab.core.items.ManagedItemProvider$PersistedItem",
    "value": {
      "groupNames": [
        "Systeminfo_Used"
      ],
      "itemType": "Number",
      "tags": [
        "Point"
      ],
      "label": "Load (%)",
      "category": ""
    }
  },
  "Systeminfo_Used": {
    "class": "org.openhab.core.items.ManagedItemProvider$PersistedItem",
    "value": {
      "groupNames": [],
      "itemType": "Group",
      "tags": [],
      "label": "Used (%)",
      "category": ""
    }
  },
  "Systeminfo_UsedMemory": {
    "class": "org.openhab.core.items.ManagedItemProvider$PersistedItem",
    "value": {
      "groupNames": [
        "Systeminfo_Used"
      ],
      "itemType": "Number",
      "tags": [
        "Point"
      ],
      "label": "Memory (%)",
      "category": ""
    }
  },
  "Systeminfo_UsedStorage": {
    "class": "org.openhab.core.items.ManagedItemProvider$PersistedItem",
    "value": {
      "groupNames": [
        "Systeminfo_Used"
      ],
      "itemType": "Number",
      "tags": [
        "Point"
      ],
      "label": "Storage (%)",
      "category": ""
    }
  },
  "TB3_CurrentTemperature": {
    "class": "org.openhab.core.items.ManagedItemProvider$PersistedItem",
    "value": {
      "groupNames": [],
      "itemType": "Number:Temperature",
      "tags": [
        "Point",
        "heating"
      ],
      "label": "B3 Current Temperature",
      "category": "Temperature"
    }
  },
  "TB3_LowBattery": {
    "class": "org.openhab.core.items.ManagedItemProvider$PersistedItem",
    "value": {
      "groupNames": [],
      "itemType": "Switch",
      "tags": [
        "Energy",
        "LowBattery"
      ],
      "label": "B3 Low Battery",
      "category": "LowBattery"
    }
  },
  "TB3_Mode": {
    "class": "org.openhab.core.items.ManagedItemProvider$PersistedItem",
    "value": {
      "groupNames": [],
      "itemType": "String",
      "tags": [
        "Point",
        "heating"
      ],
      "label": "B3 Mode",
      "category": ""
    }
  },
  "TB3_SetpointTemperature": {
    "class": "org.openhab.core.items.ManagedItemProvider$PersistedItem",
    "value": {
      "groupNames": [],
      "itemType": "Number:Temperature",
      "tags": [
        "Point",
        "heating"
      ],
      "label": "B3 Setpoint Temperature",
      "category": "Temperature"
    }
  },
  "TB5_CurrentTemperature": {
    "class": "org.openhab.core.items.ManagedItemProvider$PersistedItem",
    "value": {
      "groupNames": [],
      "itemType": "Number:Temperature",
      "tags": [
        "Point",
        "heating"
      ],
      "label": "B5 Current Temperature",
      "category": "Temperature"
    }
  },
  "TB5_LowBattery": {
    "class": "org.openhab.core.items.ManagedItemProvider$PersistedItem",
    "value": {
      "groupNames": [],
      "itemType": "Switch",
      "tags": [
        "Energy",
        "LowBattery"
      ],
      "label": "B5 Low Battery",
      "category": "LowBattery"
    }
  },
  "TB5_Mode": {
    "class": "org.openhab.core.items.ManagedItemProvider$PersistedItem",
    "value": {
      "groupNames": [],
      "itemType": "String",
      "tags": [
        "Point",
        "heating"
      ],
      "label": "B5 Mode",
      "category": ""
    }
  },
  "TB5_SetpointTemperature": {
    "class": "org.openhab.core.items.ManagedItemProvider$PersistedItem",
    "value": {
      "groupNames": [],
      "itemType": "Number:Temperature",
      "tags": [
        "Point",
        "heating"
      ],
      "label": "B5 Setpoint Temperature",
      "category": "Temperature"
    }
  }
}